DEPTH,LITHOLOGY
1.5,SS
1.6,SS
1.7,SS
1.8,SS
1.9,SS
2,SS
2.1,SS
2.2,SS
2.3,SS
2.4,SS
2.5,SS
2.6,SS
2.7,SS
2.8,SS
2.9,ST
3,ST
3.1,ST
3.2,ST
3.3,ST
3.4,ST
3.5,ST
3.6,ST
3.7,ST
3.8,ST
3.9,ST
4,ST
4.1,ST
4.2,ST
4.3,ST
4.4,ST
4.5,ST
4.6,ST
4.7,ST
4.8,ST
4.9,ST
5,ST
5.1,ST
5.2,ST
5.3,ST
5.4,ST
5.5,ST
5.6,ST
5.7,ST
5.8,ST
5.9,ST
6,ST
6.1,ST
6.2,ST
6.3,SS
6.4,SS
6.5,SS
6.6,SS
6.7,SS
6.8,SS
6.9,SS
7,SS
7.1,SS
7.2,SS
7.3,SS
7.4,SS
7.5,SS
7.6,SS
7.7,SS
7.8,SS
7.9,SS
8,SS
8.1,SS
8.2,SS
8.3,ST
8.4,ST
8.5,ST
8.6,ST
8.7,ST
8.8,ST
8.9,ST
9,ST
9.1,ST
9.2,ST
9.3,ST
9.4,ST
9.5,ST
9.6,ST
9.7,ST
9.8,ST
9.9,ST
10,ST
10.1,ST
10.2,ST
10.3,ST
10.4,ST
10.5,ST
10.6,ST
10.7,ST
10.8,SH
10.9,SH
11,SH
11.1,SH
11.2,SH
11.3,SH
11.4,SH
11.5,SH
11.6,SH
11.7,SH
11.8,SH
11.9,SH
12,SH
12.1,SH
12.2,SH
12.3,SH
12.4,SH
12.5,SH
12.6,SH
12.7,SH
12.8,SH
12.9,SH
13,SH
13.1,SH
13.2,SH
13.3,SH
13.4,SH
13.5,SH
13.6,SS
13.7,SS
13.8,SS
13.9,SS
14,SS
14.1,SS
14.2,SS
14.3,SS
14.4,SS
14.5,SS
14.6,SS
14.7,SS
14.8,SS
14.9,SS
15,SH
15.1,SH
15.2,SH
15.3,SH
15.4,SH
15.5,SH
15.6,SH
15.7,SH
15.8,SH
15.9,SH
16,SS
16.1,SH
16.2,SH
16.3,SH
16.4,SH
16.5,SS
16.6,SH
16.7,SH
16.8,SH
16.9,SS
17,SS
17.1,SH
17.2,SH
17.3,SH
17.4,SS
17.5,SH
17.6,SH
17.7,SH
17.8,SS
17.9,SS
18,SH
18.1,SH
18.2,SH
18.3,SS
18.4,SH
18.5,SH
18.6,SH
18.7,SH
18.8,SS
18.9,SS
19,SH
19.1,SH
19.2,SS
19.3,SH
19.4,SH
19.5,SH
19.6,SS
19.7,SH
19.8,SH
19.9,SH
20,SH
20.1,SS
20.2,SH
20.3,SH
20.4,SH
20.5,SS
20.6,SH
20.7,SH
20.8,SH
20.9,SH
21,SS
21.1,SH
21.2,SH
21.3,SH
21.4,SH
21.5,SS
21.6,SH
21.7,SH
21.8,SH
21.9,SS
22,SH
22.1,SH
22.2,SH
22.3,SH
22.4,SS
22.5,SH
22.6,SH
22.7,SS
22.8,SS
22.9,SS
23,SS
23.1,SS
23.2,SS
23.3,SS
23.4,SS
23.5,SS
23.6,SS
23.7,SS
23.8,SS
23.9,SS
24,SS
24.1,SS
24.2,SS
24.3,SS
24.4,SS
24.5,SS
24.6,SS
24.7,SS
24.8,SS
24.9,SS
25,SS
25.1,SS
25.2,SS
25.3,SS
25.4,SS
25.5,SS
25.6,SS
25.7,SS
25.8,SS
25.9,SS
26,SS
26.1,SS
26.2,SS
26.3,SS
26.4,SS
26.5,SS
26.6,SS
26.7,SS
26.8,SS
26.9,SS
27,SS
27.1,SS
27.2,SS
27.3,SS
27.4,SS
27.5,SS
27.6,SS
27.7,SS
27.8,SS
27.9,SS
28,SS
28.1,SS
28.2,SS
28.3,SS
28.4,SS
28.5,SS
28.6,SS
28.7,SS
28.8,SS
28.9,SH
29,SH
29.1,SH
29.2,SH
29.3,SS
29.4,SH
29.5,SH
29.6,SH
29.7,SS
29.8,SS
29.9,SH
30,SH
30.1,SH
30.2,SS
30.3,SH
30.4,SH
30.5,SH
30.6,SH
30.7,SS
30.8,SH
30.9,SH
31,SH
31.1,SH
31.2,SH
31.3,SH
31.4,SS
31.5,SS
31.6,SS
31.7,SS
31.8,SS
31.9,SS
32,SS
32.1,SS
32.2,SS
32.3,SS
32.4,SS
32.5,SS
32.6,SS
32.7,SS
32.8,SS
32.9,SS
33,SS
33.1,SS
33.2,SS
33.3,SS
33.4,SS
33.5,SS
33.6,SS
33.7,SS
33.8,SS
33.9,SS
34,SS
34.1,SS
34.2,SS
34.3,SS
34.4,SS
34.5,SS
34.6,SS
34.7,SS
34.8,SS
34.9,SS
35,SS
35.1,SS
35.2,SS
35.3,SS
35.4,SS
35.5,SS
35.6,SH
35.7,SH
35.8,SH
35.9,SH
36,SH
36.1,SS
36.2,SS
36.3,SH
36.4,SH
36.5,SH
36.6,SH
36.7,SS
36.8,SS
36.9,SS
37,SH
37.1,SH
37.2,SH
37.3,SH
37.4,SH
37.5,SH
37.6,SS
37.7,SS
37.8,SH
37.9,SS
38,SS
38.1,SS
38.2,SS
38.3,SS
38.4,SS
38.5,SS
38.6,SS
38.7,SS
38.8,SS
38.9,SS
39,SS
39.1,SS
39.2,SS
39.3,SS
39.4,SS
39.5,SS
39.6,SS
39.7,SS
39.8,SS
39.9,SS
40,SS
40.1,SS
40.2,SS
40.3,SH
40.4,SH
40.5,SH
40.6,SH
40.7,SS
40.8,SS
40.9,SH
41,SH
41.1,SH
41.2,SH
41.3,SS
41.4,SS
41.5,SH
41.6,SH
41.7,SH
41.8,SH
41.9,SH
42,SH
42.1,SH
42.2,SH
42.3,SH
42.4,SH
42.5,SH
42.6,SH
42.7,SH
42.8,SH
42.9,SH
43,SH
43.1,SH
43.2,SH
43.3,SH
43.4,SH
43.5,SH
43.6,SH
43.7,SH
43.8,SH
43.9,SH
44,SH
44.1,SH
44.2,SH
44.3,SH
44.4,SH
44.5,SH
44.6,SH
44.7,SH
44.8,SH
44.9,SH
45,SH
45.1,SH
45.2,SH
45.3,SH
45.4,SH
45.5,SH
45.6,SH
45.7,SH
45.8,SH
45.9,SH
46,SH
46.1,SH
46.2,SH
46.3,SH
46.4,SH
46.5,SH
46.6,SH
46.7,SH
46.8,SH
46.9,SH
47,SH
47.1,SH
47.2,SH
47.3,SH
47.4,SH
47.5,SH
47.6,SH
47.7,SH
47.8,SH
47.9,SH
48,SH
48.1,SH
48.2,SH
48.3,SH
48.4,SH
48.5,SH
48.6,SH
48.7,SH
48.8,SH
48.9,SH
49,SH
49.1,SH
49.2,SH
49.3,SH
49.4,SH
49.5,SH
49.6,SH
49.7,SH
49.8,SH
49.9,SH
50,SH
50.1,SH
50.2,SH
50.3,SH
50.4,SH
50.5,SH
50.6,SH
50.7,SH
50.8,SH
50.9,SH
51,SH
51.1,SH
51.2,SH
51.3,SH
51.4,SH
51.5,SH
51.6,SH
51.7,SH
51.8,SH
51.9,SH
52,SH
52.1,SH
52.2,SH
52.3,SH
52.4,SH
52.5,SH
52.6,SH
52.7,SH
52.8,SH
52.9,SH
53,SH
53.1,SH
53.2,SH
53.3,SH
53.4,SH
53.5,SH
53.6,HT
53.7,HT
53.8,HT
53.9,HT
54,HT
54.1,HT
54.2,HT
54.3,HT
54.4,HT
54.5,HT
54.6,HT
54.7,HT
54.8,HT
54.9,HT
55,HT
55.1,HT
55.2,HT
55.3,HT
55.4,HT
55.5,HT
55.6,HT
55.7,HT
55.8,HT
55.9,HT
56,HT
56.1,HT
56.2,HT
56.3,HT
56.4,HT
56.5,HT
56.6,HT
56.7,HT
56.8,HT
56.9,HT
57,HT
57.1,HT
57.2,HT
57.3,HT
57.4,HT
57.5,HT
57.6,HT
57.7,HT
57.8,HT
57.9,HT
58,HT
58.1,HT
58.2,HT
58.3,HT
58.4,HT
58.5,HT
58.6,HT
58.7,HT
58.8,HT
58.9,HT
59,HT
59.1,HT
59.2,HT
59.3,HT
59.4,HT
59.5,HT
59.6,HT
59.7,HT
59.8,HT
59.9,HT
60,HT
60.1,HT
60.2,HT
60.3,HT
60.4,HT
60.5,HT
60.6,HT
60.7,HT
60.8,HT
60.9,HT
61,HT
61.1,HT
61.2,HT
61.3,HT
61.4,HT
61.5,HT
61.6,HT
61.7,HT
61.8,HT
61.9,HT
62,HT
62.1,HT
62.2,HT
62.3,HT
62.4,HT
62.5,HT
62.6,HT
62.7,HT
62.8,HT
62.9,HT
63,HT
63.1,HT
63.2,HT
63.3,HT
63.4,HT
63.5,HT
63.6,HT
63.7,HT
63.8,HT
63.9,HT
64,SS
64.1,SS
64.2,SS
64.3,SS
64.4,SS
64.5,SS
64.6,SS
64.7,SS
64.8,SS
64.9,SS
65,SS
65.1,SS
65.2,SS
65.3,SS
65.4,SS
65.5,SS
65.6,SS
65.7,SS
65.8,HT
65.9,HT
66,HT
66.1,HT
66.2,HT
66.3,HT
66.4,HT
66.5,HT
66.6,HT
66.7,HT
66.8,HT
66.9,HT
67,HT
67.1,HT
67.2,HT
67.3,HT
67.4,HT
67.5,HT
67.6,HT
67.7,HT
67.8,HT
67.9,HT
68,HT
68.1,HT
68.2,HT
68.3,HT
68.4,HT
68.5,HT
68.6,HT
68.7,HT
68.8,HT
68.9,HT
69,HT
69.1,HT
69.2,HT
69.3,HT
69.4,HT
69.5,HT
69.6,HT
69.7,HT
69.8,HT
69.9,HT
70,HT
70.1,HT
70.2,HT
70.3,HT
70.4,HT
70.5,HT
70.6,HT
70.7,HT
70.8,HT
70.9,HT
71,HT
71.1,SH
71.2,SH
71.3,SH
71.4,SH
71.5,SH
71.6,SH
71.7,SH
71.8,SH
71.9,SH
72,SH
72.1,SH
72.2,SH
72.3,SH
72.4,SH
72.5,SH
72.6,SH
72.7,SH
72.8,SH
72.9,SH
73,SH
73.1,SH
73.2,SH
73.3,SH
73.4,SH
73.5,SH
73.6,SH
73.7,SH
73.8,SH
73.9,SH
74,SH
74.1,SH
74.2,SH
74.3,SH
74.4,SH
74.5,SH
74.6,SH
74.7,SH
74.8,SH
74.9,SH
75,SH
75.1,SH
75.2,SH
75.3,SH
75.4,SH
75.5,SH
75.6,SH
75.7,SH
75.8,SH
75.9,SH
76,SH
76.1,SH
76.2,SH
76.3,SH
76.4,SH
76.5,SH
76.6,SH
76.7,SH
76.8,SH
76.9,SH
77,SH
77.1,SH
77.2,SH
77.3,SH
77.4,SH
77.5,SH
77.6,SH
77.7,SH
77.8,SH
77.9,SH
78,SH
78.1,SH
78.2,SH
78.3,SH
78.4,SH
78.5,SH
78.6,SH
78.7,SH
78.8,SH
78.9,SH
79,SH
79.1,SH
79.2,SH
79.3,SH
79.4,SH
79.5,SH
79.6,SH
79.7,SH
79.8,SH
79.9,SH
80,SH
80.1,SH
80.2,SH
80.3,SH
80.4,SH
80.5,SH
80.6,SH
80.7,SH
80.8,SH
80.9,SH
81,SH
81.1,SH
81.2,SH
81.3,SH
81.4,SH
81.5,SH
81.6,SH
81.7,SH
81.8,SH
81.9,SH
82,SH
82.1,SH
82.2,SH
82.3,SH
82.4,SH
82.5,SH
82.6,SH
82.7,SH
82.8,SH
82.9,SH
83,SH
83.1,SH
83.2,SH
83.3,SH
83.4,SH
83.5,SH
83.6,SH
83.7,SH
83.8,SH
83.9,SH
84,SH
84.1,SH
84.2,SH
84.3,SH
84.4,SH
84.5,SH
84.6,SH
84.7,SH
84.8,SH
84.9,SH
85,SH
85.1,SH
85.2,SH
85.3,SH
85.4,SH
85.5,SH
85.6,SH
85.7,SH
85.8,SH
85.9,SH
86,SH
86.1,SH
86.2,SH
86.3,SH
86.4,SH
86.5,SH
86.6,SH
86.7,SH
86.8,SH
86.9,SH
87,SH
87.1,SH
87.2,SH
87.3,SH
87.4,SH
87.5,SH
87.6,SH
87.7,SH
87.8,SH
87.9,SH
88,SH
88.1,SH
88.2,SH
88.3,SH
88.4,SH
88.5,SH
88.6,SH
88.7,SH
88.8,SH
88.9,SH
89,SH
89.1,SH
89.2,SH
89.3,SH
89.4,SH
89.5,SH
89.6,SH
89.7,SH
89.8,SH
89.9,SH
90,SH
90.1,SH
90.2,SH
90.3,SH
90.4,SH
90.5,SH
90.6,SH
90.7,SH
90.8,SH
90.9,SH
91,SH
91.1,SH
91.2,SH
91.3,SH
91.4,SH
91.5,SH
91.6,SH
91.7,SH
91.8,SH
91.9,SH
92,SH
92.1,SH
92.2,SH
92.3,SH
92.4,SH
92.5,SH
92.6,SH
92.7,SH
92.8,SH
92.9,SH
93,SH
93.1,SH
93.2,SH
93.3,SH
93.4,SH
93.5,SH
93.6,SH
93.7,SH
93.8,SH
93.9,SH
94,SH
94.1,SH
94.2,SH
94.3,SH
94.4,SH
94.5,SH
94.6,SH
94.7,SH
94.8,SH
94.9,SH
95,SH
95.1,SH
95.2,SH
95.3,SH
95.4,SH
95.5,SH
95.6,SH
95.7,SH
95.8,SH
95.9,SH
96,SH
96.1,SH
96.2,SH
96.3,SH
96.4,SH
96.5,SH
96.6,SH
96.7,SH
96.8,SH
96.9,SH
97,SH
97.1,SH
97.2,SH
97.3,SH
97.4,SH
97.5,SH
97.6,SH
97.7,SH
97.8,SH
97.9,SH
98,SH
98.1,SH
98.2,SH
98.3,SH
98.4,SH
98.5,SH
98.6,SH
98.7,SH
98.8,SH
98.9,SH
99,SH
99.1,SH
99.2,SH
99.3,SH
99.4,SH
99.5,SH
99.6,SH
99.7,SH
99.8,SH
99.9,SH
100,SH
100.1,SH
100.2,SH
100.3,SH
100.4,SH
100.5,SH
100.6,SH
100.7,SH
100.8,SH
100.9,SH
101,SH
101.1,SH
101.2,SH
101.3,SH
101.4,SH
101.5,SH
101.6,SH
101.7,SH
101.8,SH
101.9,SH
102,SH
102.1,SH
102.2,SH
102.3,SH
102.4,SH
102.5,SH
102.6,SH
102.7,SH
102.8,SH
102.9,SH
103,SH
103.1,SH
103.2,SH
103.3,SH
103.4,SH
103.5,SH
103.6,SH
103.7,SH
103.8,SH
103.9,SH
104,SH
104.1,SH
104.2,SH
104.3,SH
104.4,SH
104.5,SH
104.6,SH
104.7,SH
104.8,SH
104.9,SH
105,SH
105.1,SH
105.2,SH
105.3,SH
105.4,SH
105.5,SH
105.6,SH
105.7,SH
105.8,SH
105.9,SH
106,SH
106.1,SH
106.2,SH
106.3,SH
106.4,SH
106.5,SH
106.6,SH
106.7,SH
106.8,SH
106.9,SH
107,SH
107.1,SH
107.2,SH
107.3,SH
107.4,SH
107.5,SH
107.6,SH
107.7,SH
107.8,SH
107.9,SH
108,SH
108.1,SH
108.2,SH
108.3,SH
108.4,SH
108.5,SH
108.6,SH
108.7,SS
108.8,SS
108.9,SS
109,SS
109.1,SS
109.2,SS
109.3,SS
109.4,SS
109.5,SS
109.6,SS
109.7,SS
109.8,SS
109.9,SS
110,SS
110.1,SS
110.2,SS
110.3,SS
110.4,SS
110.5,SS
110.6,SS
110.7,SS
110.8,SS
110.9,SS
111,SS
111.1,SS
111.2,HT
111.3,HT
111.4,HT
111.5,HT
111.6,HT
111.7,HT
111.8,HT
111.9,HT
112,HT
112.1,HT
112.2,HT
112.3,HT
112.4,HT
112.5,HT
112.6,HT
112.7,HT
112.8,HT
112.9,HT
113,HT
113.1,HT
113.2,HT
113.3,SH
113.4,SH
113.5,SH
113.6,SH
113.7,SH
113.8,SH
113.9,SH
114,SH
114.1,SH
114.2,SH
114.3,SH
114.4,SH
114.5,SH
114.6,SH
114.7,SH
114.8,SH
114.9,SH
115,SH
115.1,SH
115.2,SH
115.3,SH
115.4,SH
115.5,SH
115.6,SH
115.7,SH
115.8,SH
115.9,SH
116,SH
116.1,SH
116.2,SH
116.3,SH
116.4,SH
116.5,SH
116.6,SH
116.7,SH
116.8,SH
116.9,SH
117,SH
117.1,SH
117.2,SH
117.3,SH
117.4,SH
117.5,SH
117.6,SH
117.7,SH
117.8,SH
117.9,HT
118,HT
118.1,HT
118.2,HT
118.3,HT
118.4,HT
118.5,HT
118.6,HT
118.7,HT
118.8,HT
118.9,HT
119,HT
119.1,HT
119.2,HT
119.3,HT
119.4,HT
119.5,HT
119.6,HT
119.7,HT
119.8,HT
119.9,HT
120,HT
120.1,HT
120.2,HT
120.3,HT
120.4,HT
120.5,HT
120.6,HT
120.7,HT
120.8,HT
120.9,HT
121,HT
121.1,HT
121.2,HT
121.3,HT
121.4,HT
121.5,HT
121.6,HT
121.7,HT
121.8,HT
121.9,HT
122,HT
122.1,HT
122.2,HT
122.3,HT
122.4,HT
122.5,HT
122.6,HT
122.7,HT
122.8,HT
122.9,HT
123,HT
123.1,HT
123.2,HT
123.3,HT
123.4,HT
123.5,HT
123.6,HT
123.7,HT
123.8,HT
123.9,HT
124,HT
124.1,HT
124.2,HT
124.3,HT
124.4,HT
124.5,HT
124.6,HT
124.7,HT
124.8,HT
124.9,HT
125,HT
125.1,HT
125.2,HT
125.3,HT
125.4,HT
125.5,HT
125.6,HT
125.7,HT
125.8,HT
125.9,HT
126,HT
126.1,HT
126.2,HT
126.3,HT
126.4,HT
126.5,HT
126.6,HT
126.7,HT
126.8,HT
126.9,HT
127,HT
127.1,HT
127.2,HT
127.3,HT
127.4,HT
127.5,HT
127.6,HT
127.7,HT
127.8,HT
127.9,HT
128,HT
128.1,HT
128.2,HT
128.3,HT
128.4,HT
128.5,HT
128.6,HT
128.7,HT
128.8,HT
128.9,HT
129,HT
129.1,HT
129.2,HT
129.3,HT
129.4,HT
129.5,HT
129.6,HT
129.7,HT
129.8,HT
129.9,HT
130,HT
130.1,HT
130.2,HT
130.3,HT
130.4,HT
130.5,HT
130.6,HT
130.7,HT
130.8,HT
130.9,HT
131,HT
131.1,HT
131.2,HT
131.3,HT
131.4,HT
131.5,HT
131.6,HT
131.7,HT
131.8,HT
131.9,HT
132,HT
132.1,HT
132.2,HT
132.3,HT
132.4,HT
132.5,HT
132.6,HT
132.7,HT
132.8,HT
132.9,HT
133,HT
133.1,HT
133.2,HT
133.3,HT
133.4,HT
133.5,HT
133.6,HT
133.7,HT
133.8,HT
133.9,HT
134,HT
134.1,HT
134.2,HT
134.3,HT
134.4,HT
134.5,HT
134.6,HT
134.7,HT
134.8,HT
134.9,HT
135,HT
135.1,HT
135.2,HT
135.3,HT
135.4,HT
135.5,HT
135.6,HT
135.7,HT
135.8,HT
135.9,HT
136,HT
136.1,HT
136.2,HT
136.3,HT
136.4,HT
136.5,HT
136.6,HT
136.7,HT
136.8,HT
136.9,HT
137,HT
137.1,HT
137.2,HT
137.3,HT
137.4,HT
137.5,HT
137.6,HT
137.7,HT
137.8,HT
137.9,HT
138,HT
138.1,HT
138.2,HT
138.3,HT
138.4,HT
138.5,HT
138.6,HT
138.7,HT
138.8,HT
138.9,HT
139,HT
139.1,HT
139.2,HT
139.3,HT
139.4,HT
139.5,HT
139.6,HT
139.7,HT
139.8,HT
139.9,HT
140,HT
140.1,HT
140.2,HT
140.3,HT
140.4,HT
140.5,HT
140.6,HT
140.7,HT
140.8,HT
140.9,HT
141,SS
141.1,SS
141.2,SS
141.3,SS
141.4,SS
141.5,SS
141.6,SS
141.7,SS
141.8,SS
141.9,SS
142,SS
142.1,ST
142.2,ST
142.3,ST
142.4,ST
142.5,ST
142.6,ST
142.7,ST
142.8,ST
142.9,ST
143,ST
143.1,ST
143.2,ST
143.3,ST
143.4,ST
143.5,ST
143.6,ST
143.7,ST
143.8,ST
143.9,ST
144,ST
144.1,ST
144.2,ST
144.3,ST
144.4,ST
144.5,ST
144.6,ST
144.7,ST
144.8,ST
144.9,ST
145,ST
145.1,ST
145.2,ST
145.3,ST
145.4,SS
145.5,SS
145.6,SS
145.7,SS
145.8,SS
145.9,SS
146,SS
146.1,SS
146.2,SS
146.3,ST
146.4,ST
146.5,ST
146.6,ST
146.7,ST
146.8,ST
146.9,ST
147,ST
147.1,ST
147.2,ST
147.3,ST
147.4,ST
147.5,ST
147.6,ST
147.7,ST
147.8,ST
147.9,ST
148,ST
148.1,ST
148.2,ST
148.3,ST
148.4,ST
148.5,ST
148.6,ST
148.7,ST
148.8,ST
148.9,ST
149,ST
149.1,ST
149.2,ST
149.3,ST
149.4,ST
149.5,ST
149.6,ST
149.7,ST
149.8,ST
149.9,ST
150,ST
150.1,SS
150.2,SS
150.3,SS
150.4,SS
150.5,SS
150.6,SS
150.7,ST
150.8,ST
150.9,ST
151,ST
151.1,ST
151.2,ST
151.3,ST
151.4,ST
151.5,ST
151.6,ST
151.7,ST
151.8,ST
151.9,ST
152,ST
152.1,ST
152.2,ST
152.3,ST
152.4,ST
152.5,ST
152.6,ST
152.7,ST
152.8,ST
152.9,ST
153,ST
153.1,ST
153.2,ST
153.3,ST
153.4,ST
153.5,ST
153.6,ST
153.7,ST
153.8,ST
153.9,ST
154,ST
154.1,ST
154.2,ST
154.3,ST
154.4,ST
154.5,ST
154.6,ST
154.7,ST
154.8,ST
154.9,ST
155,ST
155.1,ST
155.2,ST
155.3,ST
155.4,ST
155.5,ST
155.6,ST
155.7,HT
155.8,HT
155.9,HT
156,HT
156.1,HT
156.2,HT
156.3,HT
156.4,HT
156.5,HT
156.6,HT
156.7,HT
156.8,HT
156.9,HT
157,HT
157.1,HT
157.2,HT
157.3,HT
157.4,HT
157.5,HT
157.6,HT
157.7,HT
157.8,HT
157.9,HT
158,HT
158.1,HT
158.2,HT
158.3,HT
158.4,HT
158.5,HT
158.6,HT
158.7,HT
158.8,HT
158.9,HT
159,HT
159.1,HT
159.2,HT
159.3,HT
159.4,SH
159.5,SH
159.6,SH
159.7,SH
159.8,SH
159.9,SH
160,SH
160.1,SH
160.2,SH
160.3,SH
160.4,SH
160.5,SH
160.6,SH
160.7,SH
160.8,SH
160.9,SH
161,SH
161.1,SH
161.2,SH
161.3,SH
161.4,SH
161.5,SH
161.6,HT
161.7,HT
161.8,HT
161.9,HT
162,HT
162.1,HT
162.2,HT
162.3,HT
162.4,HT
162.5,HT
162.6,HT
162.7,HT
162.8,HT
162.9,HT
163,HT
163.1,HT
163.2,HT
163.3,HT
163.4,HT
163.5,SS
163.6,SS
163.7,SS
163.8,SS
163.9,SS
164,SS
164.1,SS
164.2,SS
164.3,SS
164.4,SS
164.5,SS
164.6,SS
164.7,SS
164.8,SS
164.9,SS
165,SS
165.1,SS
165.2,SS
165.3,SS
165.4,SS
165.5,SS
165.6,SS
165.7,SS
165.8,SS
165.9,SS
166,SS
166.1,SS
166.2,SS
166.3,SS
166.4,SS
166.5,SS
166.6,SS
166.7,SS
166.8,SS
166.9,SS
167,SS
167.1,SS
167.2,SS
167.3,SS
167.4,SS
167.5,SS
167.6,SS
167.7,SS
167.8,SS
167.9,SS
168,SS
168.1,SS
168.2,SS
168.3,SS
168.4,SS
168.5,SS
168.6,SS
168.7,SS
168.8,SS
168.9,SS
169,SS
169.1,SS
169.2,SS
169.3,SS
169.4,SS
169.5,SS
169.6,SS
169.7,SS
169.8,SS
169.9,SS
170,SS
170.1,SS
170.2,SS
170.3,SS
170.4,SS
170.5,SS
170.6,SS
170.7,SS
170.8,SS
170.9,SS
171,SS
171.1,SS
171.2,SS
171.3,SS
171.4,SS
171.5,SS
171.6,SS
171.7,SS
171.8,SS
171.9,SH
172,SH
172.1,SH
172.2,SH
172.3,SH
172.4,SH
172.5,SH
172.6,SH
172.7,SH
172.8,SH
172.9,SH
173,SH
173.1,SH
173.2,SH
173.3,SH
173.4,SH
173.5,SH
173.6,SH
173.7,SH
173.8,SH
173.9,SH
174,SH
174.1,SH
174.2,SH
174.3,SH
174.4,SH
174.5,SH
174.6,SH
174.7,SH
174.8,SH
174.9,SH
175,SH
175.1,SH
175.2,SH
175.3,SH
175.4,SH
175.5,SH
175.6,SH
175.7,SH
175.8,SH
175.9,SH
176,SH
176.1,SH
176.2,SH
176.3,SH
176.4,SH
176.5,SH
176.6,SH
176.7,SH
176.8,SH
176.9,SH
177,SH
177.1,SH
177.2,SH
177.3,SH
177.4,SH
177.5,SH
177.6,SH
177.7,SH
177.8,SH
177.9,SH
178,SH
178.1,SH
178.2,SH
178.3,SH
178.4,SH
178.5,SH
178.6,SH
178.7,SH
178.8,SH
178.9,SH
179,SH
179.1,SH
179.2,SH
179.3,SH
179.4,SH
179.5,SH
179.6,SH
179.7,SH
179.8,SH
179.9,SH
180,SH
180.1,SH
180.2,SH
180.3,SH
180.4,SH
180.5,SH
180.6,SH
180.7,SH
180.8,SH
180.9,SH
181,SH
181.1,SH
181.2,SH
181.3,SH
181.4,SH
181.5,SH
181.6,SH
181.7,SH
181.8,SH
181.9,SH
182,SH
182.1,SH
182.2,SH
182.3,SH
182.4,SH
182.5,SH
182.6,SH
182.7,SH
182.8,SH
182.9,SH
183,SH
183.1,SH
183.2,SH
183.3,SH
183.4,SH
183.5,SH
183.6,SH
183.7,SH
183.8,SH
183.9,SH
184,SH
184.1,SH
184.2,SH
184.3,SH
184.4,SH
184.5,SH
184.6,SH
184.7,SH
184.8,SH
184.9,SH
185,SH
185.1,SH
185.2,SH
185.3,SH
185.4,SH
185.5,SH
185.6,SH
185.7,SH
185.8,SH
185.9,SH
186,SH
186.1,SH
186.2,SH
186.3,SH
186.4,SH
186.5,SH
186.6,SH
186.7,SH
186.8,SH
186.9,SH
187,SH
187.1,HT
187.2,HT
187.3,HT
187.4,HT
187.5,HT
187.6,HT
187.7,HT
187.8,HT
187.9,HT
188,HT
188.1,HT
188.2,HT
188.3,HT
188.4,HT
188.5,HT
188.6,HT
188.7,HT
188.8,HT
188.9,HT
189,HT
189.1,HT
189.2,HT
189.3,HT
189.4,HT
189.5,HT
189.6,HT
189.7,HT
189.8,HT
189.9,HT
190,HT
190.1,HT
190.2,HT
190.3,HT
190.4,HT
190.5,HT
190.6,HT
190.7,HT
190.8,HT
190.9,HT
191,HT
191.1,HT
191.2,HT
191.3,HT
191.4,HT
191.5,HT
191.6,HT
191.7,HT
191.8,HT
191.9,HT
192,HT
192.1,HT
192.2,HT
192.3,HT
192.4,HT
192.5,HT
192.6,HT
192.7,HT
192.8,HT
192.9,HT
193,HT
193.1,HT
193.2,HT
193.3,HT
193.4,HT
193.5,HT
193.6,HT
193.7,HT
193.8,HT
193.9,HT
194,HT
194.1,HT
194.2,HT
194.3,HT
194.4,HT
194.5,HT
194.6,HT
194.7,HT
194.8,HT
194.9,HT
195,HT
195.1,HT
195.2,HT
195.3,HT
195.4,HT
195.5,HT
195.6,HT
195.7,HT
195.8,HT
195.9,HT
196,HT
196.1,HT
196.2,HT
196.3,HT
196.4,HT
196.5,HT
196.6,HT
196.7,HT
196.8,HT
196.9,HT
197,HT
197.1,HT
197.2,HT
197.3,HT
197.4,HT
197.5,HT
197.6,HT
197.7,HT
197.8,HT
197.9,HT
198,HT
198.1,HT
198.2,HT
198.3,HT
198.4,HT
198.5,HT
198.6,HT
198.7,HT
198.8,HT
198.9,HT
199,HT
199.1,HT
199.2,HT
199.3,HT
199.4,HT
199.5,HT
199.6,HT
199.7,HT
199.8,HT
199.9,HT
200,HT
200.1,HT
200.2,HT
200.3,HT
200.4,HT
200.5,HT
200.6,HT
200.7,HT
200.8,HT
200.9,HT
201,HT
201.1,HT
201.2,HT
201.3,HT
201.4,ST
201.5,ST
201.6,ST
201.7,ST
201.8,ST
201.9,ST
202,ST
202.1,ST
202.2,ST
202.3,ST
202.4,ST
202.5,ST
202.6,ST
202.7,ST
202.8,ST
202.9,ST
203,ST
203.1,ST
203.2,ST
203.3,ST
203.4,ST
203.5,ST
203.6,ST
203.7,ST
203.8,ST
203.9,ST
204,ST
204.1,ST
204.2,ST
204.3,ST
204.4,ST
204.5,ST
204.6,ST
204.7,ST
204.8,ST
204.9,ST
205,ST
205.1,ST
205.2,ST
205.3,ST
205.4,ST
205.5,ST
205.6,ST
205.7,ST
205.8,ST
205.9,ST
206,ST
206.1,ST
206.2,ST
206.3,ST
206.4,ST
206.5,ST
206.6,ST
206.7,ST
206.8,ST
206.9,ST
207,ST
207.1,ST
207.2,ST
207.3,ST
207.4,ST
207.5,ST
207.6,ST
207.7,ST
207.8,ST
207.9,ST
208,ST
208.1,ST
208.2,ST
208.3,ST
208.4,ST
208.5,ST
208.6,ST
208.7,ST
208.8,ST
208.9,ST
209,ST
209.1,ST
209.2,ST
209.3,ST
209.4,ST
209.5,ST
209.6,ST
209.7,ST
209.8,ST
209.9,ST
210,ST
210.1,ST
210.2,HT
210.3,HT
210.4,HT
210.5,HT
210.6,HT
210.7,HT
210.8,HT
210.9,HT
211,HT
211.1,HT
211.2,HT
211.3,HT
211.4,HT
211.5,HT
211.6,HT
211.7,HT
211.8,HT
211.9,HT
212,HT
212.1,HT
212.2,HT
212.3,HT
212.4,HT
212.5,HT
212.6,HT
212.7,HT
212.8,HT
212.9,HT
213,HT
213.1,HT
213.2,HT
213.3,HT
213.4,HT
213.5,HT
213.6,HT
213.7,HT
213.8,HT
213.9,HT
214,HT
214.1,HT
214.2,HT
214.3,HT
214.4,HT
214.5,HT
214.6,HT
214.7,HT
214.8,HT
214.9,HT
215,HT
215.1,HT
215.2,HT
215.3,HT
215.4,HT
215.5,HT
215.6,HT
215.7,HT
215.8,HT
215.9,HT
216,HT
216.1,HT
216.2,HT
216.3,HT
216.4,HT
216.5,HT
216.6,HT
216.7,HT
216.8,HT
216.9,HT
217,HT
217.1,HT
217.2,HT
217.3,HT
217.4,HT
217.5,HT
217.6,HT
217.7,HT
217.8,HT
217.9,HT
218,HT
218.1,HT
218.2,HT
218.3,HT
218.4,HT
218.5,HT
218.6,HT
218.7,HT
218.8,HT
218.9,HT
219,HT
219.1,HT
219.2,HT
219.3,HT
219.4,HT
219.5,HT
219.6,HT
219.7,HT
219.8,HT
219.9,HT
220,HT
220.1,HT
220.2,HT
220.3,ST
220.4,ST
220.5,ST
220.6,ST
220.7,ST
220.8,ST
220.9,ST
221,ST
221.1,ST
221.2,ST
221.3,ST
221.4,ST
221.5,ST
221.6,ST
221.7,ST
221.8,ST
221.9,ST
222,ST
222.1,ST
222.2,ST
222.3,ST
222.4,ST
222.5,ST
222.6,ST
222.7,ST
222.8,ST
222.9,ST
223,ST
223.1,ST
223.2,ST
223.3,ST
223.4,ST
223.5,ST
223.6,ST
223.7,ST
223.8,ST
223.9,ST
224,ST
224.1,ST
224.2,ST
224.3,ST
224.4,ST
224.5,ST
224.6,ST
224.7,ST
224.8,ST
224.9,ST
225,ST
225.1,ST
225.2,ST
225.3,ST
225.4,ST
225.5,ST
225.6,ST
225.7,ST
225.8,ST
225.9,ST
226,ST
226.1,ST
226.2,ST
226.3,ST
226.4,ST
226.5,ST
226.6,ST
226.7,ST
226.8,ST
226.9,ST
227,ST
227.1,ST
227.2,ST
227.3,ST
227.4,ST
227.5,ST
227.6,ST
227.7,ST
227.8,ST
227.9,ST
228,ST
228.1,ST
228.2,ST
228.3,ST
228.4,ST
228.5,ST
228.6,ST
228.7,ST
228.8,ST
228.9,ST
229,ST
229.1,ST
229.2,ST
229.3,ST
229.4,ST
229.5,ST
229.6,ST
229.7,ST
229.8,ST
229.9,ST
230,ST
230.1,ST
230.2,ST
230.3,ST
230.4,ST
230.5,ST
230.6,ST
230.7,ST
230.8,ST
230.9,ST
231,ST
231.1,ST
231.2,ST
231.3,ST
231.4,ST
231.5,ST
231.6,ST
231.7,ST
231.8,ST
231.9,ST
232,ST
232.1,ST
232.2,ST
232.3,ST
232.4,ST
232.5,ST
232.6,ST
232.7,ST
232.8,ST
232.9,ST
233,ST
233.1,ST
233.2,ST
233.3,ST
233.4,ST
233.5,ST
233.6,ST
233.7,ST
233.8,ST
233.9,ST
234,ST
234.1,ST
234.2,ST
234.3,ST
234.4,ST
234.5,ST
234.6,ST
234.7,ST
234.8,ST
234.9,ST
235,ST
235.1,ST
235.2,ST
235.3,ST
235.4,ST
235.5,ST
235.6,ST
235.7,ST
235.8,ST
235.9,ST
236,ST
236.1,ST
236.2,ST
236.3,ST
236.4,ST
236.5,ST
236.6,ST
236.7,ST
236.8,ST
236.9,ST
237,ST
237.1,ST
237.2,ST
237.3,ST
237.4,ST
237.5,ST
237.6,ST
237.7,ST
237.8,ST
237.9,ST
238,ST
238.1,ST
238.2,ST
238.3,ST
238.4,ST
238.5,ST
238.6,ST
238.7,ST
238.8,ST
238.9,ST
239,ST
239.1,ST
239.2,ST
239.3,ST
239.4,ST
239.5,ST
239.6,ST
239.7,ST
239.8,ST
239.9,HT
240,HT
240.1,HT
240.2,HT
240.3,HT
240.4,HT
240.5,HT
240.6,HT
240.7,HT
240.8,HT
240.9,HT
241,HT
241.1,HT
241.2,HT
241.3,HT
241.4,HT
241.5,HT
241.6,HT
241.7,HT
241.8,HT
241.9,HT
242,HT
242.1,HT
242.2,HT
242.3,HT
242.4,HT
242.5,HT
242.6,HT
242.7,HT
242.8,HT
242.9,HT
243,HT
243.1,HT
243.2,HT
243.3,HT
243.4,HT
243.5,HT
243.6,HT
243.7,HT
243.8,HT
243.9,HT
244,HT
244.1,HT
244.2,HT
244.3,HT
244.4,HT
244.5,HT
244.6,HT
244.7,HT
244.8,HT
244.9,HT
245,HT
245.1,HT
245.2,HT
245.3,HT
245.4,HT
245.5,HT
245.6,SH
245.7,SH
245.8,SH
245.9,SH
246,SH
246.1,SH
246.2,SH
246.3,SH
246.4,SH
246.5,SH
246.6,SH
246.7,SH
246.8,SH
246.9,SH
247,SH
247.1,SH
247.2,SH
247.3,SH
247.4,SH
247.5,SH
247.6,SH
247.7,SH
247.8,SH
247.9,SH
248,SH
248.1,SH
248.2,SH
248.3,SH
248.4,SH
248.5,SH
248.6,SH
248.7,SH
248.8,SH
248.9,SH
249,SH
249.1,SH
249.2,SH
249.3,SH
249.4,SH
249.5,SH
249.6,SH
249.7,SH
249.8,SH
249.9,SH
250,SH
250.1,SH
250.2,SH
250.3,SH
250.4,SH
250.5,SH
250.6,SH
250.7,SH
250.8,SH
250.9,SH
251,SH
251.1,SH
251.2,SH
251.3,SH
251.4,SH
251.5,SH
251.6,SH
251.7,SH
251.8,SH
251.9,SH
252,SH
252.1,SH
252.2,SH
252.3,SH
252.4,SH
252.5,SH
252.6,SH
252.7,SH
252.8,SH
252.9,SH
253,SH
253.1,SH
253.2,SH
253.3,SH
253.4,SH
253.5,SH
253.6,SH
253.7,SH
253.8,SH
253.9,SH
254,SH
254.1,SH
254.2,SH
254.3,SH
254.4,SH
254.5,SH
254.6,SH
254.7,SH
254.8,SH
254.9,SH
255,SH
255.1,SH
255.2,SH
255.3,SH
255.4,SH
255.5,SH
255.6,SH
255.7,SH
255.8,SH
255.9,SH
256,SH
256.1,SH
256.2,SH
256.3,SH
256.4,SH
256.5,SH
256.6,SH
256.7,SH
256.8,SH
256.9,SH
257,SH
257.1,SH
257.2,SH
257.3,SH
257.4,SH
257.5,SH
257.6,SH
257.7,SH
257.8,SH
257.9,SH
258,SH
258.1,SH
258.2,SH
258.3,SH
258.4,SH
258.5,SH
258.6,SH
258.7,SH
258.8,SH
258.9,SH
259,SH
259.1,SH
259.2,SH
259.3,SH
259.4,SH
259.5,SH
259.6,SH
259.7,SH
259.8,SH
259.9,SH
260,SH
260.1,SH
260.2,SH
260.3,SH
260.4,SH
260.5,SH
260.6,SH
260.7,SH
260.8,SH
260.9,SH
261,SH
261.1,SH
261.2,SH
261.3,SH
261.4,SH
261.5,SH
261.6,SH
261.7,SH
261.8,SH
261.9,SH
262,SH
262.1,SH
262.2,SH
262.3,SH
262.4,SH
262.5,SH
262.6,SH
262.7,SH
262.8,SH
262.9,SH
263,SH
263.1,SH
263.2,SH
263.3,SH
263.4,SH
263.5,SH
263.6,SH
263.7,SH
263.8,SH
263.9,SH
264,SH
264.1,SH
264.2,SH
264.3,SH
264.4,SH
264.5,SH
264.6,SH
264.7,SH
264.8,SH
264.9,SH
265,SH
265.1,SH
265.2,SH
265.3,SH
265.4,SH
265.5,SH
265.6,SH
265.7,SH
265.8,SH
265.9,SH
266,SH
266.1,SH
266.2,SH
266.3,SH
266.4,SH
266.5,SH
266.6,SH
266.7,SH
266.8,SH
266.9,SH
267,SH
267.1,SH
267.2,SH
267.3,SH
267.4,SH
267.5,SH
267.6,SH
267.7,SH
267.8,SH
267.9,SH
268,SH
268.1,SH
268.2,SH
268.3,SH
268.4,SH
268.5,SH
268.6,SH
268.7,SH
268.8,SH
268.9,SH
269,SH
269.1,SH
269.2,SH
269.3,SH
269.4,SH
269.5,SH
269.6,SH
269.7,HT
269.8,HT
269.9,HT
270,HT
270.1,HT
270.2,HT
270.3,HT
270.4,HT
270.5,HT
270.6,HT
270.7,HT
270.8,HT
270.9,HT
271,HT
271.1,HT
271.2,HT
271.3,HT
271.4,HT
271.5,HT
271.6,HT
271.7,HT
271.8,HT
271.9,HT
272,HT
272.1,HT
272.2,HT
272.3,HT
272.4,HT
272.5,HT
272.6,HT
272.7,HT
272.8,HT
272.9,HT
273,HT
273.1,HT
273.2,HT
273.3,HT
273.4,HT
273.5,ST
273.6,ST
273.7,ST
273.8,ST
273.9,ST
274,ST
274.1,ST
274.2,ST
274.3,ST
274.4,ST
274.5,ST
274.6,ST
274.7,ST
274.8,ST
274.9,ST
275,ST
275.1,ST
275.2,ST
275.3,ST
275.4,ST
275.5,ST
275.6,ST
275.7,ST
275.8,ST
275.9,ST
276,ST
276.1,ST
276.2,ST
276.3,ST
276.4,ST
276.5,ST
276.6,ST
276.7,ST
276.8,ST
276.9,ST
277,ST
277.1,ST
277.2,ST
277.3,ST
277.4,ST
277.5,ST
277.6,ST
277.7,ST
277.8,ST
277.9,ST
278,ST
278.1,ST
278.2,ST
278.3,ST
278.4,ST
278.5,ST
278.6,ST
278.7,ST
278.8,ST
278.9,ST
279,ST
279.1,ST
279.2,ST
279.3,ST
279.4,ST
279.5,ST
279.6,ST
279.7,ST
279.8,ST
279.9,ST
280,ST
280.1,ST
280.2,ST
280.3,ST
280.4,ST
280.5,ST
280.6,ST
280.7,ST
280.8,ST
280.9,ST
281,ST
281.1,ST
281.2,ST
281.3,ST
281.4,ST
281.5,ST
281.6,ST
281.7,ST
281.8,ST
281.9,ST
282,ST
282.1,ST
282.2,ST
282.3,ST
282.4,ST
282.5,ST
282.6,ST
282.7,SS
282.8,SS
282.9,SS
283,SS
283.1,SS
283.2,SS
283.3,SS
283.4,SS
283.5,SS
283.6,SS
283.7,SS
283.8,SS
283.9,SS
284,SS
284.1,SS
284.2,SS
284.3,SS
284.4,SS
284.5,SS
284.6,SS
284.7,SS
284.8,SH
284.9,SH
285,SH
285.1,SH
285.2,SH
285.3,SH
285.4,SH
285.5,SH
285.6,SH
285.7,SH
285.8,SH
285.9,SH
286,SH
286.1,SH
286.2,SH
286.3,SH
286.4,SH
286.5,SH
286.6,SH
286.7,SH
286.8,SH
286.9,SH
287,SH
287.1,SH
287.2,SH
287.3,SH
287.4,SH
287.5,SH
287.6,SH
287.7,SH
287.8,SH
287.9,SH
288,SH
288.1,SH
288.2,HT
288.3,HT
288.4,HT
288.5,HT
288.6,HT
288.7,HT
288.8,HT
288.9,HT
289,HT
289.1,HT
289.2,HT
289.3,HT
289.4,ST
289.5,ST
289.6,ST
289.7,ST
289.8,ST
289.9,ST
290,ST
290.1,ST
290.2,ST
290.3,ST
290.4,ST
290.5,ST
290.6,ST
290.7,ST
290.8,ST
290.9,ST
291,ST
291.1,ST
291.2,ST
291.3,ST
291.4,ST
291.5,ST
291.6,ST
291.7,ST
291.8,ST
291.9,ST
292,ST
292.1,ST
292.2,ST
292.3,ST
292.4,ST
292.5,ST
292.6,ST
292.7,ST
292.8,ST
292.9,ST
293,ST
293.1,ST
293.2,ST
293.3,ST
293.4,ST
293.5,ST
293.6,ST
293.7,ST
293.8,ST
293.9,ST
294,ST
294.1,ST
294.2,ST
294.3,ST
294.4,ST
294.5,ST
294.6,ST
294.7,ST
294.8,ST
294.9,ST
295,ST
295.1,ST
295.2,ST
295.3,ST
295.4,ST
295.5,ST
295.6,HT
295.7,HT
295.8,HT
295.9,HT
296,HT
296.1,HT
296.2,HT
296.3,HT
296.4,HT
296.5,HT
296.6,HT
296.7,HT
296.8,HT
296.9,HT
297,HT
297.1,HT
297.2,HT
297.3,HT
297.4,HT
297.5,HT
297.6,HT
297.7,HT
297.8,HT
297.9,HT
298,HT
298.1,HT
298.2,SH
298.3,SH
298.4,SH
298.5,SH
298.6,SH
298.7,SH
298.8,SH
298.9,SH
299,SH
299.1,SH
299.2,SH
299.3,SH
299.4,SH
299.5,SH
299.6,SH
299.7,SH
299.8,SH
299.9,SH
300,SH
300.1,SH
300.2,SH
300.3,SH
300.4,SH
300.5,SH
300.6,SH
300.7,SH
300.8,SH
300.9,SH
301,SH
301.1,SH
301.2,SH
301.3,SH
301.4,SH
301.5,SH
301.6,SH
301.7,SH
301.8,SH
301.9,SH
302,SH
302.1,SH
302.2,SH
302.3,SH
302.4,SH
302.5,SH
302.6,SH
302.7,SH
302.8,SH
302.9,SH
303,SH
303.1,SH
303.2,SH
303.3,SH
303.4,SH
303.5,SH
303.6,SH
303.7,SH
303.8,SH
303.9,SH
304,SH
304.1,SH
304.2,SH
304.3,SH
304.4,SH
304.5,SH
304.6,SH
304.7,SH
304.8,SH
304.9,SH
305,SH
305.1,SH
305.2,SH
305.3,SH
305.4,SH
305.5,SH
305.6,SH
305.7,SH
305.8,SH
305.9,SH
306,SH
306.1,SH
306.2,SH
306.3,SH
306.4,SH
306.5,SH
306.6,SH
306.7,SH
306.8,SH
306.9,SH
307,SH
307.1,SH
307.2,SH
307.3,SH
307.4,SH
307.5,SH
307.6,SH
307.7,SH
307.8,SH
307.9,SH
308,SH
308.1,SH
308.2,SH
308.3,SH
308.4,SH
308.5,SH
308.6,SH
308.7,SH
308.8,SH
308.9,SH
309,SH
309.1,SH
309.2,SH
309.3,SH
309.4,SH
309.5,SH
309.6,SH
309.7,SH
309.8,SH
309.9,SH
310,SH
310.1,SH
310.2,SH
310.3,SH
310.4,SH
310.5,SH
310.6,SH
310.7,SH
310.8,SH
310.9,SH
311,SH
311.1,SH
311.2,SH
311.3,SH
311.4,SH
311.5,SH
311.6,SH
311.7,SH
311.8,SH
311.9,SH
312,SH
312.1,SH
312.2,SH
312.3,SH
312.4,SH
312.5,SH
312.6,SH
312.7,SH
312.8,SH
312.9,SH
313,SH
313.1,SH
313.2,SH
313.3,SH
313.4,SH
313.5,SH
313.6,SH
313.7,SH
313.8,SH
313.9,SH
314,SH
314.1,SH
314.2,SH
314.3,SH
314.4,SH
314.5,SH
314.6,SH
314.7,SH
314.8,SH
314.9,SH
315,SH
315.1,SH
315.2,SH
315.3,SH
315.4,SH
315.5,SH
315.6,SH
315.7,SH
315.8,SH
315.9,SH
316,SH
316.1,SH
316.2,SH
316.3,SH
316.4,SH
316.5,SH
316.6,SH
316.7,SH
316.8,SH
316.9,SH
317,SH
317.1,SH
317.2,SH
317.3,SH
317.4,SH
317.5,SH
317.6,SH
317.7,SH
317.8,SH
317.9,SH
318,SH
318.1,SH
318.2,SH
318.3,SH
318.4,SH
318.5,SH
318.6,SH
318.7,SH
318.8,SH
318.9,SH
319,SH
319.1,SH
319.2,SH
319.3,SH
319.4,SH
319.5,SH
319.6,SH
319.7,SH
319.8,SH
319.9,SH
320,SH
320.1,SH
320.2,SH
320.3,SH
320.4,SH
320.5,SH
320.6,SH
320.7,SH
320.8,SH
320.9,SH
321,SH
321.1,SH
321.2,SH
321.3,SH
321.4,SH
321.5,SH
321.6,SH
321.7,SH
321.8,SH
321.9,SH
322,SH
322.1,SH
322.2,SH
322.3,SH
322.4,SH
322.5,SH
322.6,SH
322.7,SH
322.8,SH
322.9,SH
323,SH
323.1,SH
323.2,SH
323.3,SH
323.4,SH
323.5,SH
323.6,SH
323.7,SH
323.8,SH
323.9,SH
324,SH
324.1,SH
324.2,SH
324.3,SH
324.4,SH
324.5,SH
324.6,SH
324.7,SH
324.8,SH
324.9,SH
325,SH
325.1,SH
325.2,SH
325.3,HT
325.4,HT
325.5,HT
325.6,HT
325.7,HT
325.8,HT
325.9,HT
326,HT
326.1,HT
326.2,HT
326.3,HT
326.4,HT
326.5,HT
326.6,HT
326.7,HT
326.8,HT
326.9,HT
327,HT
327.1,HT
327.2,HT
327.3,HT
327.4,HT
327.5,HT
327.6,HT
327.7,HT
327.8,HT
327.9,HT
328,HT
328.1,HT
328.2,HT
328.3,HT
328.4,HT
328.5,HT
328.6,HT
328.7,HT
328.8,HT
328.9,HT
329,HT
329.1,ST
329.2,ST
329.3,ST
329.4,ST
329.5,ST
329.6,ST
329.7,ST
329.8,ST
329.9,ST
330,ST
330.1,ST
330.2,ST
330.3,ST
330.4,ST
330.5,ST
330.6,ST
330.7,ST
330.8,ST
330.9,ST
331,ST
331.1,ST
331.2,ST
331.3,ST
331.4,ST
331.5,ST
331.6,ST
331.7,ST
331.8,ST
331.9,ST
332,ST
332.1,ST
332.2,HT
332.3,HT
332.4,HT
332.5,HT
332.6,HT
332.7,HT
332.8,HT
332.9,HT
333,HT
333.1,HT
333.2,HT
333.3,HT
333.4,HT
333.5,HT
333.6,HT
333.7,HT
333.8,HT
333.9,HT
334,HT
334.1,HT
334.2,HT
334.3,HT
334.4,HT
334.5,HT
334.6,HT
334.7,HT
334.8,HT
334.9,HT
335,HT
335.1,HT
335.2,HT
335.3,HT
335.4,SS
335.5,SS
335.6,SS
335.7,SS
335.8,SS
335.9,SS
336,SS
336.1,SS
336.2,SS
336.3,SS
336.4,SS
336.5,SS
336.6,SS
336.7,SS
336.8,SS
336.9,SS
337,SS
337.1,SS
337.2,HT
337.3,HT
337.4,HT
337.5,HT
337.6,HT
337.7,HT
337.8,HT
337.9,HT
338,HT
338.1,HT
338.2,HT
338.3,HT
338.4,HT
338.5,HT
338.6,HT
338.7,HT
338.8,HT
338.9,HT
339,ST
339.1,ST
339.2,ST
339.3,ST
339.4,ST
339.5,ST
339.6,ST
339.7,ST
339.8,ST
339.9,ST
340,ST
340.1,ST
340.2,ST
340.3,ST
340.4,HT
340.5,HT
340.6,HT
340.7,HT
340.8,HT
340.9,HT
341,HT
341.1,HT
341.2,HT
341.3,HT
341.4,HT
341.5,HT
341.6,HT
341.7,HT
341.8,HT
341.9,HT
342,HT
342.1,HT
342.2,HT
342.3,HT
342.4,HT
342.5,HT
342.6,HT
342.7,HT
342.8,HT
342.9,HT
343,HT
343.1,HT
343.2,HT
343.3,HT
343.4,HT
343.5,HT
343.6,HT
343.7,HT
343.8,HT
343.9,HT
344,HT
344.1,HT
344.2,HT
344.3,HT
344.4,HT
344.5,HT
344.6,HT
344.7,HT
344.8,HT
344.9,HT
345,HT
345.1,HT
345.2,HT
345.3,HT
345.4,HT
345.5,HT
345.6,HT
345.7,ST
345.8,ST
345.9,ST
346,ST
346.1,ST
346.2,ST
346.3,ST
346.4,ST
346.5,ST
346.6,ST
346.7,ST
346.8,ST
346.9,ST
347,ST
347.1,ST
347.2,ST
347.3,ST
347.4,ST
347.5,ST
347.6,ST
347.7,ST
347.8,ST
347.9,ST
348,ST
348.1,ST
348.2,ST
348.3,ST
348.4,ST
348.5,ST
348.6,ST
348.7,ST
348.8,ST
348.9,ST
349,ST
349.1,ST
349.2,ST
349.3,ST
349.4,ST
349.5,ST
349.6,ST
349.7,ST
349.8,ST
349.9,ST
350,ST
350.1,ST
350.2,ST
350.3,ST
350.4,ST
350.5,ST
350.6,ST
350.7,ST
350.8,ST
350.9,ST
351,ST
351.1,ST
351.2,ST
351.3,ST
351.4,ST
351.5,ST
351.6,ST
351.7,ST
351.8,ST
351.9,ST
352,ST
352.1,ST
352.2,ST
352.3,ST
352.4,ST
352.5,ST
352.6,ST
352.7,ST
352.8,ST
352.9,ST
353,ST
353.1,ST
353.2,ST
353.3,ST
353.4,ST
353.5,ST
353.6,ST
353.7,ST
353.8,ST
353.9,ST
354,ST
354.1,ST
354.2,ST
354.3,ST
354.4,ST
354.5,ST
354.6,ST
354.7,ST
354.8,ST
354.9,ST
355,ST
355.1,ST
355.2,ST
355.3,ST
355.4,ST
355.5,ST
355.6,ST
355.7,ST
355.8,ST
355.9,ST
356,ST
356.1,ST
356.2,ST
356.3,ST
356.4,ST
356.5,ST
356.6,ST
356.7,ST
356.8,ST
356.9,ST
357,ST
357.1,ST
357.2,ST
357.3,ST
357.4,ST
357.5,ST
357.6,ST
357.7,ST
357.8,ST
357.9,ST
358,ST
358.1,ST
358.2,ST
358.3,ST
358.4,ST
358.5,ST
358.6,ST
358.7,ST
358.8,HT
358.9,HT
359,HT
359.1,HT
359.2,HT
359.3,HT
359.4,HT
359.5,HT
359.6,HT
359.7,HT
359.8,HT
359.9,HT
360,HT
360.1,HT
360.2,HT
360.3,HT
360.4,HT
360.5,HT
360.6,HT
360.7,HT
360.8,HT
360.9,HT
361,HT
361.1,HT
361.2,HT
361.3,HT
361.4,HT
361.5,HT
361.6,HT
361.7,HT
361.8,HT
361.9,HT
362,HT
362.1,HT
362.2,SH
362.3,SH
362.4,SH
362.5,SH
362.6,SH
362.7,SH
362.8,SH
362.9,SH
363,SH
363.1,SH
363.2,SH
363.3,SH
363.4,SH
363.5,SH
363.6,SH
363.7,SH
363.8,SH
363.9,SH
364,SH
364.1,SH
364.2,SH
364.3,SH
364.4,SH
364.5,SH
364.6,SH
364.7,SH
364.8,SH
364.9,SH
365,SH
365.1,SH
365.2,SH
365.3,SH
365.4,SH
365.5,SH
365.6,SH
365.7,SH
365.8,SH
365.9,SH
366,SH
366.1,SH
366.2,SH
366.3,SH
366.4,SH
366.5,SH
366.6,SH
366.7,SH
366.8,SH
366.9,SH
367,SH
367.1,SH
367.2,SH
367.3,SH
367.4,SH
367.5,SH
367.6,SH
367.7,SH
367.8,SH
367.9,SH
368,SH
368.1,SH
368.2,SH
368.3,SH
368.4,SH
368.5,SH
368.6,SH
368.7,SH
368.8,SH
368.9,SH
369,SH
369.1,SH
369.2,SH
369.3,SH
369.4,SH
369.5,SH
369.6,SH
369.7,SH
369.8,SH
369.9,SH
370,SH
370.1,SH
370.2,SH
370.3,SH
370.4,SH
370.5,SH
370.6,SH
370.7,SH
370.8,SH
370.9,SH
371,SH
371.1,SH
371.2,SH
371.3,SH
371.4,SH
371.5,SH
371.6,SH
371.7,SH
371.8,SH
371.9,SH
372,SH
372.1,SH
372.2,SH
372.3,SH
372.4,SH
372.5,SH
372.6,SH
372.7,SH
372.8,SH
372.9,SH
373,SH
373.1,SH
373.2,SH
373.3,SH
373.4,SH
373.5,SH
373.6,SH
373.7,SH
373.8,SH
373.9,SH
374,SH
374.1,SH
374.2,SH
374.3,SH
374.4,SH
374.5,SH
374.6,SH
374.7,SH
374.8,SH
374.9,SH
375,SH
375.1,SH
375.2,SH
375.3,SH
375.4,SH
375.5,SH
375.6,SH
375.7,SH
375.8,SH
375.9,SH
376,SH
376.1,SH
376.2,SH
376.3,SH
376.4,SH
376.5,SH
376.6,SH
376.7,SH
376.8,SH
376.9,SH
377,SH
377.1,SH
377.2,SH
377.3,SH
377.4,SH
377.5,SH
377.6,SH
377.7,SH
377.8,SH
377.9,SH
378,SH
378.1,SH
378.2,SH
378.3,SH
378.4,SH
378.5,SH
378.6,SH
378.7,SH
378.8,SH
378.9,SH
379,SH
379.1,SH
379.2,SH
379.3,SH
379.4,SH
379.5,SH
379.6,SH
379.7,SH
379.8,SH
379.9,SH
380,SH
380.1,SH
380.2,SH
380.3,SH
380.4,SH
380.5,SH
380.6,SH
380.7,SH
380.8,SH
380.9,SH
381,SH
381.1,SH
381.2,SH
381.3,SH
381.4,SH
381.5,SH
381.6,SH
381.7,SH
381.8,SH
381.9,SH
382,SH
382.1,SH
382.2,SH
382.3,SH
382.4,SH
382.5,SH
382.6,SH
382.7,SH
382.8,SH
382.9,SH
383,SH
383.1,SH
383.2,SH
383.3,SH
383.4,SH
383.5,SH
383.6,SH
383.7,SH
383.8,SH
383.9,SH
384,SH
384.1,SH
384.2,SH
384.3,SH
384.4,SH
384.5,SH
384.6,SH
384.7,SH
384.8,SH
384.9,SH
385,SH
385.1,SH
385.2,SH
385.3,SH
385.4,SH
385.5,SH
385.6,SH
385.7,SH
385.8,SH
385.9,SH
386,SH
386.1,SH
386.2,SH
386.3,SH
386.4,SH
386.5,SH
386.6,SH
386.7,SH
386.8,SH
386.9,SH
387,SH
387.1,SH
387.2,SH
387.3,SH
387.4,SH
387.5,SH
387.6,SH
387.7,SH
387.8,SH
387.9,SH
388,SH
388.1,SH
388.2,SH
388.3,SH
388.4,SH
388.5,SH
388.6,SH
388.7,SH
388.8,SH
388.9,SH
389,SH
389.1,SH
389.2,SH
389.3,SH
389.4,SH
389.5,SH
389.6,SH
389.7,SH
389.8,SH
389.9,SH
390,SH
390.1,SH
390.2,SH
390.3,SH
390.4,SH
390.5,SH
390.6,SH
390.7,SH
390.8,SH
390.9,SH
391,SH
391.1,SH
391.2,SH
391.3,SH
391.4,SH
391.5,SH
391.6,SH
391.7,SH
391.8,SH
391.9,SH
392,SH
392.1,SH
392.2,SH
392.3,SH
392.4,SH
392.5,SH
392.6,SH
392.7,SH
392.8,SH
392.9,SH
393,SH
393.1,SH
393.2,SH
393.3,SH
393.4,SH
393.5,SH
393.6,SH
393.7,SH
393.8,SH
393.9,SH
394,SH
394.1,SH
394.2,SH
394.3,SH
394.4,SH
394.5,SH
394.6,SH
394.7,SH
394.8,SH
394.9,SH
395,SH
395.1,SH
395.2,SH
395.3,SH
395.4,SH
395.5,SH
395.6,SH
395.7,SH
395.8,SH
395.9,SH
396,SH
396.1,SH
396.2,SH
396.3,SH
396.4,SH
396.5,SH
396.6,SH
396.7,SH
396.8,SH
396.9,SH
397,SH
397.1,SH
397.2,SH
397.3,SH
397.4,SH
397.5,SH
397.6,SH
397.7,SH
397.8,SH
397.9,SH
398,SH
398.1,SH
398.2,SH
398.3,SH
398.4,SH
398.5,SH
398.6,SH
398.7,SH
398.8,SH
398.9,SH
399,SH
399.1,SH
399.2,SH
399.3,SH
399.4,SH
399.5,SH
399.6,SH
399.7,SH
399.8,SH
399.9,SH
400,SH
400.1,SH
400.2,SH
400.3,SH
400.4,SH
400.5,SH
400.6,SH
400.7,SH
400.8,SH
400.9,SH
401,SH
401.1,ST
401.2,ST
401.3,ST
401.4,ST
401.5,ST
401.6,ST
401.7,ST
401.8,ST
401.9,ST
402,ST
402.1,ST
402.2,ST
402.3,ST
402.4,ST
402.5,ST
402.6,ST
402.7,ST
402.8,ST
402.9,ST
403,ST
403.1,ST
403.2,ST
403.3,SH
403.4,SH
403.5,SH
403.6,SH
403.7,SH
403.8,SH
403.9,SH
404,SH
404.1,SH
404.2,SH
404.3,SH
404.4,SH
404.5,SH
404.6,SH
404.7,SH
404.8,SH
404.9,SH
405,SH
405.1,SH
405.2,SH
405.3,SH
405.4,SH
405.5,SH
405.6,SH
405.7,SH
405.8,SH
405.9,SH
406,SH
406.1,SH
406.2,SH
406.3,SH
406.4,SH
406.5,SH
406.6,SH
406.7,SH
406.8,SH
406.9,SH
407,SH
407.1,SH
407.2,SH
407.3,SH
407.4,SH
407.5,SH
407.6,SH
407.7,SH
407.8,SH
407.9,SH
408,SH
408.1,SH
408.2,SH
408.3,SH
408.4,SH
408.5,SH
408.6,SH
408.7,SH
408.8,SH
408.9,SH
409,SH
409.1,SH
409.2,SH
409.3,SH
409.4,SH
409.5,SH
409.6,SH
409.7,SH
409.8,SH
409.9,SH
410,ST
410.1,ST
410.2,ST
410.3,ST
410.4,ST
410.5,ST
410.6,ST
410.7,ST
410.8,ST
410.9,ST
411,ST
411.1,ST
411.2,ST
411.3,SH
411.4,SH
411.5,SH
411.6,SH
411.7,SH
411.8,SH
411.9,SH
412,SH
412.1,SH
412.2,SH
412.3,SH
412.4,SH
412.5,SH
412.6,SH
412.7,SH
412.8,SH
412.9,SH
413,SH
413.1,SH
413.2,SH
413.3,SH
413.4,SH
413.5,SH
413.6,SH
413.7,SH
413.8,SH
413.9,SH
414,SH
414.1,SH
414.2,SH
414.3,SH
414.4,SH
414.5,SH
414.6,SH
414.7,SH
414.8,SH
414.9,SH
415,SH
415.1,SH
415.2,SH
415.3,SH
415.4,SH
415.5,SH
415.6,SH
415.7,SH
415.8,SH
415.9,SH
416,SH
416.1,SH
416.2,SH
416.3,SH
416.4,SH
416.5,SH
416.6,SH
416.7,SH
416.8,SH
416.9,SH
417,SH
417.1,SH
417.2,SH
417.3,SH
417.4,SH
417.5,SH
417.6,SH
417.7,SH
417.8,SH
417.9,SH
418,SH
418.1,SH
418.2,SH
418.3,SH
418.4,SH
418.5,SH
418.6,SH
418.7,SH
418.8,SH
418.9,SH
419,SH
419.1,SH
419.2,SH
419.3,SH
419.4,SH
419.5,SH
419.6,SH
419.7,SH
419.8,SH
419.9,SH
420,SH
420.1,SH
420.2,SH
420.3,SH
420.4,SH
420.5,SH
420.6,SH
420.7,SH
420.8,SH
420.9,SH
421,SH
421.1,SH
421.2,SH
421.3,SH
421.4,SH
421.5,SH
421.6,SH
421.7,SH
421.8,SH
421.9,SH
422,SH
422.1,SH
422.2,SH
422.3,SH
422.4,SH
422.5,SH
422.6,SH
422.7,SH
422.8,SH
422.9,SH
423,SH
423.1,SS
423.2,SS
423.3,SS
423.4,SS
423.5,SS
423.6,SS
423.7,SS
423.8,SS
423.9,SS
424,SS
424.1,SS
424.2,SS
424.3,SS
424.4,SS
424.5,SS
424.6,SS
424.7,SS
424.8,SS
424.9,SS
425,SS
425.1,SS
425.2,SS
425.3,SS
425.4,SS
425.5,SS
425.6,SS
425.7,SS
425.8,SS
425.9,SS
426,SS
426.1,SS
426.2,SS
426.3,SS
426.4,SS
426.5,SS
426.6,SS
426.7,SS
426.8,SS
426.9,SS
427,SS
427.1,SS
427.2,SS
427.3,SS
427.4,SS
427.5,SS
427.6,SS
427.7,SS
427.8,SS
427.9,SS
428,SS
428.1,SS
428.2,SS
428.3,SS
428.4,SS
428.5,SS
428.6,SS
428.7,SS
428.8,SS
428.9,SS
429,SS
429.1,SS
429.2,SS
429.3,SS
429.4,SS
429.5,SS
429.6,SS
429.7,SS
429.8,SS
429.9,SS
430,SS
430.1,SS
430.2,SS
430.3,SS
430.4,SS
430.5,SS
430.6,SS
430.7,SS
430.8,SS
430.9,SS
431,SS
431.1,SS
431.2,SS
431.3,SS
431.4,SS
431.5,SS
431.6,SS
431.7,SS
431.8,SS
431.9,SS
432,SS
432.1,SS
432.2,SS
432.3,SS
432.4,SS
432.5,SS
432.6,SS
432.7,SS
432.8,SS
432.9,SS
433,SS
433.1,SS
433.2,SS
433.3,SS
433.4,SS
433.5,SS
433.6,SS
433.7,SS
433.8,SS
433.9,SS
434,SS
434.1,SS
434.2,SS
434.3,SS
434.4,SS
434.5,SS
434.6,SS
434.7,SS
434.8,SS
434.9,SS
435,SS
435.1,SS
435.2,SS
435.3,SS
435.4,SS
435.5,SS
435.6,SS
435.7,SS
435.8,SS
435.9,SS
436,SS
436.1,SS
436.2,SS
436.3,SS
436.4,SS
436.5,SS
436.6,SS
436.7,SS
436.8,SS
436.9,SS
437,SS
437.1,SS
437.2,SS
437.3,SS
437.4,SS
437.5,SS
437.6,SS
437.7,SS
437.8,SS
437.9,SS
438,SS
438.1,SS
438.2,SS
438.3,SS
438.4,SS
438.5,SS
438.6,SS
438.7,SS
438.8,SS
438.9,SS
439,SS
439.1,SS
439.2,SS
439.3,SS
439.4,SS
439.5,SS
439.6,SS
439.7,SS
439.8,SS
439.9,SS
440,SS
440.1,SS
440.2,SS
440.3,SS
440.4,SS
440.5,SS
440.6,SS
440.7,SS
440.8,SS
440.9,SS
441.0,SS
441.1,SS
441.2,SS
441.3,SS
441.4,SS
441.5,SS
441.6,SS
441.7,SS
441.8,SS
441.9,SS
442.0,SS
442.1,SS
442.2,SS