DEPTH,LITHOLOGY
135,DMT
135.2,DMT
135.4,DMT
135.6,DMT
135.8,DMT
136,DMT
136.2,DMT
136.4,DMT
136.6,DMT
136.8,DMT
137,DMT
137.2,DMT
137.4,DMT
137.6,DMT
137.8,DMT
138,DMT
138.2,DMT
138.4,DMT
138.6,DMT
138.8,DMT
139,DMT
139.2,DMT
139.4,DMT
139.6,DMT
139.8,DMT
140,DMT
140.2,SS
140.4,SS
140.6,SS
140.8,SS
141,SS
141.2,SS
141.4,SS
141.6,SS
141.8,SS
142,SS
142.2,SS
142.4,SS
142.6,SS
142.8,SS
143,SS
143.2,SS
143.4,SS
143.6,SS
143.8,SS
144,SS
144.2,SS
144.4,SS
144.6,SS
144.8,SS
145,SS
145.2,SH
145.4,SH
145.6,SH
145.8,SH
146,SH
146.2,SS
146.4,SS
146.6,SS
146.8,SS
147,SS
147.2,SS
147.4,SS
147.6,SS
147.8,SS
148,SS
148.2,SS
148.4,SS
148.6,SS
148.8,SS
149,SS
149.2,SS
149.4,SS
149.6,SS
149.8,SS
150,SS
150.2,ST
150.4,ST
150.6,ST
150.8,ST
151,ST
151.2,SS
151.4,SS
151.6,SS
151.8,SS
152,SS
152.2,SS
152.4,SS
152.6,SS
152.8,SS
153,SS
153.2,SS
153.4,SS
153.6,SS
153.8,SS
154,SS
154.2,SS
154.4,SS
154.6,SS
154.8,SS
155,SS
155.2,SS
155.4,SS
155.6,SS
155.8,SS
156,SS
156.2,ST
156.4,ST
156.6,ST
156.8,ST
157,ST
157.2,SS
157.4,SS
157.6,SS
157.8,SS
158,SS
158.2,SS
158.4,SS
158.6,SS
158.8,SS
159,SS
159.2,SS
159.4,SS
159.6,SS
159.8,SS
160,SS
160.2,SH
160.4,SH
160.6,SH
160.8,SH
161,SH
161.2,SS
161.4,SS
161.6,SS
161.8,SS
162,SS
162.2,SS
162.4,SS
162.6,SS
162.8,SS
163,SS
163.2,SS
163.4,SS
163.6,SS
163.8,SS
164,SS
164.2,SS
164.4,SS
164.6,SS
164.8,SS
165,SS
165.2,SS
165.4,SS
165.6,SS
165.8,SS
166,SS
166.2,SS
166.4,SS
166.6,SS
166.8,SS
167,SS
167.2,SS
167.4,SS
167.6,SS
167.8,SS
168,SS
168.2,SS
168.4,SS
168.6,SS
168.8,SS
169,SS
169.2,SS
169.4,SS
169.6,SS
169.8,SS
170,SS
170.2,SS
170.4,SS
170.6,SS
170.8,SS
171,SS
171.2,SS
171.4,SS
171.6,SS
171.8,SS
172,SS
172.2,SS
172.4,SS
172.6,SS
172.8,SS
173,SS
173.2,SS
173.4,SS
173.6,SS
173.8,SS
174,SS
174.2,SH
174.4,SH
174.6,SH
174.8,SH
175,SH
175.2,SS
175.4,SS
175.6,SS
175.8,SS
176,SS
176.2,SS
176.4,SS
176.6,SS
176.8,SS
177,SS
177.2,SS
177.4,SS
177.6,SS
177.8,SS
178,SS
178.2,SH
178.4,SH
178.6,SH
178.8,SH
179,SH
179.2,SH
179.4,SH
179.6,SH
179.8,SH
180,SH
180.2,SS
180.4,SS
180.6,SS
180.8,SS
181,SS
181.2,SS
181.4,SS
181.6,SS
181.8,SS
182,SS
182.2,SS
182.4,SS
182.6,SS
182.8,SS
183,SS
183.2,DMT
183.4,DMT
183.6,DMT
183.8,DMT
184,DMT
184.2,DMT
184.4,DMT
184.6,DMT
184.8,DMT
185,DMT
185.2,ST
185.4,ST
185.6,ST
185.8,ST
186,ST
186.2,ST
186.4,ST
186.6,ST
186.8,ST
187,ST
187.2,ST
187.4,ST
187.6,ST
187.8,ST
188,ST
188.2,SS
188.4,SS
188.6,SS
188.8,SS
189,SS
189.2,SS
189.4,SS
189.6,SS
189.8,SS
190,SS
190.2,SS
190.4,SS
190.6,SS
190.8,SS
191,SS
191.2,SS
191.4,SS
191.6,SS
191.8,SS
192,SS
192.2,SS
192.4,SS
192.6,SS
192.8,SS
193,SS
193.2,SS
193.4,SS
193.6,SS
193.8,SS
194,SS
194.2,SS
194.4,SS
194.6,SS
194.8,SS
195,SS
195.2,SS
195.4,SS
195.6,SS
195.8,SS
196,SS
196.2,SS
196.4,SS
196.6,SS
196.8,SS
197,SS
197.2,SS
197.4,SS
197.6,SS
197.8,SS
198,SS
198.2,SS
198.4,SS
198.6,SS
198.8,SS
199,SS
199.2,SS
199.4,SS
199.6,SS
199.8,SS
200,SS
200.2,DMT
200.4,DMT
200.6,DMT
200.8,DMT
201,DMT
201.2,DMT
201.4,DMT
201.6,DMT
201.8,DMT
202,DMT
202.2,DMT
202.4,DMT
202.6,DMT
202.8,DMT
203,DMT
203.2,DMT
203.4,DMT
203.6,DMT
203.8,DMT
204,DMT
204.2,DMT
204.4,DMT
204.6,DMT
204.8,DMT
205,DMT
205.2,DMT
205.4,DMT
205.6,DMT
205.8,DMT
206,DMT
206.2,DMT
206.4,DMT
206.6,DMT
206.8,DMT
207,DMT
207.2,SS
207.4,SS
207.6,SS
207.8,SS
208,SS
208.2,SS
208.4,SS
208.6,SS
208.8,SS
209,SS
209.2,DMT
209.4,DMT
209.6,DMT
209.8,DMT
210,DMT
210.2,DMT
210.4,DMT
210.6,DMT
210.8,DMT
211,DMT
211.2,DMT
211.4,DMT
211.6,DMT
211.8,DMT
212,DMT
212.2,DMT
212.4,DMT
212.6,DMT
212.8,DMT
213,DMT
213.2,DMT
213.4,DMT
213.6,DMT
213.8,DMT
214,DMT
214.2,DMT
214.4,DMT
214.6,DMT
214.8,DMT
215,DMT
215.2,DMT
215.4,DMT
215.6,DMT
215.8,DMT
216,DMT
216.2,DMT
216.4,DMT
216.6,DMT
216.8,DMT
217,DMT
217.2,DMT
217.4,DMT
217.6,DMT
217.8,DMT
218,DMT
218.2,DMT
218.4,DMT
218.6,DMT
218.8,DMT
219,DMT
219.2,DMT
219.4,DMT
219.6,DMT
219.8,DMT
220,DMT
220.2,DMT
220.4,DMT
220.6,DMT
220.8,DMT
221,DMT
221.2,DMT
221.4,DMT
221.6,DMT
221.8,DMT
222,DMT
222.2,DMT
222.4,DMT
222.6,DMT
222.8,DMT
223,DMT
223.2,DMT
223.4,DMT
223.6,DMT
223.8,DMT
224,DMT
224.2,DMT
224.4,DMT
224.6,DMT
224.8,DMT
225,DMT
225.2,DMT
225.4,DMT
225.6,DMT
225.8,DMT
226,DMT
226.2,DMT
226.4,DMT
226.6,DMT
226.8,DMT
227,DMT
227.2,DMT
227.4,DMT
227.6,DMT
227.8,DMT
228,DMT
228.2,DMT
228.4,DMT
228.6,DMT
228.8,DMT
229,DMT
229.2,DMT
229.4,DMT
229.6,DMT
229.8,DMT
230,DMT
230.2,DMT
230.4,DMT
230.6,DMT
230.8,DMT
231,DMT
231.2,DMT
231.4,DMT
231.6,DMT
231.8,DMT
232,DMT
232.2,DMT
232.4,DMT
232.6,DMT
232.8,DMT
233,DMT
233.2,DMT
233.4,DMT
233.6,DMT
233.8,DMT
234,DMT
234.2,DMT
234.4,DMT
234.6,DMT
234.8,DMT
235,DMT
235.2,DMT
235.4,DMT
235.6,DMT
235.8,DMT
236,DMT
236.2,DMT
236.4,DMT
236.6,DMT
236.8,DMT
237,DMT
237.2,DMT
237.4,DMT
237.6,DMT
237.8,DMT
238,DMT
238.2,DMT
238.4,DMT
238.6,DMT
238.8,DMT
239,DMT
239.2,DMT
239.4,DMT
239.6,DMT
239.8,DMT
240,DMT
240.2,DMT
240.4,DMT
240.6,DMT
240.8,DMT
241,DMT
241.2,DMT
241.4,DMT
241.6,DMT
241.8,DMT
242,DMT
242.2,DMT
242.4,DMT
242.6,DMT
242.8,DMT
243,DMT
243.2,DMT
243.4,DMT
243.6,DMT
243.8,DMT
244,DMT
244.2,DMT
244.4,DMT
244.6,DMT
244.8,DMT
245,DMT
245.2,DMT
245.4,DMT
245.6,DMT
245.8,DMT
246,DMT
246.2,DMT
246.4,DMT
246.6,DMT
246.8,DMT
247,DMT
247.2,DMT
247.4,DMT
247.6,DMT
247.8,DMT
248,DMT
248.2,DMT
248.4,DMT
248.6,DMT
248.8,DMT
249,DMT
249.2,DMT
249.4,DMT
249.6,DMT
249.8,DMT
250,DMT
250.2,DMT
250.4,DMT
250.6,DMT
250.8,DMT
251,DMT
251.2,DMT
251.4,DMT
251.6,DMT
251.8,DMT
252,DMT
252.2,DMT
252.4,DMT
252.6,DMT
252.8,DMT
253,DMT
253.2,DMT
253.4,DMT
253.6,DMT
253.8,DMT
254,DMT
254.2,DMT
254.4,DMT
254.6,DMT
254.8,DMT
255,DMT
255.2,DMT
255.4,DMT
255.6,DMT
255.8,DMT
256,DMT
256.2,DMT
256.4,DMT
256.6,DMT
256.8,DMT
257,DMT
257.2,DMT
257.4,DMT
257.6,DMT
257.8,DMT
258,DMT
258.2,DMT
258.4,DMT
258.6,DMT
258.8,DMT
259,DMT
259.2,DMT
259.4,DMT
259.6,DMT
259.8,DMT
260,DMT
260.2,DMT
260.4,DMT
260.6,DMT
260.8,DMT
261,DMT
261.2,DMT
261.4,DMT
261.6,DMT
261.8,DMT
262,DMT
262.2,DMT
262.4,DMT
262.6,DMT
262.8,DMT
263,DMT
263.2,DMT
263.4,DMT
263.6,DMT
263.8,DMT
264,DMT
264.2,DMT
264.4,DMT
264.6,DMT
264.8,DMT
265,DMT
265.2,DMT
265.4,DMT
265.6,DMT
265.8,DMT
266,DMT
266.2,DMT
266.4,DMT
266.6,DMT
266.8,DMT
267,DMT
267.2,DMT
267.4,DMT
267.6,DMT
267.8,DMT
268,DMT
268.2,DMT
268.4,DMT
268.6,DMT
268.8,DMT
269,DMT
269.2,DMT
269.4,DMT
269.6,DMT
269.8,DMT
270,DMT
270.2,DMT
270.4,DMT
270.6,DMT
270.8,DMT
271,DMT
271.2,DMT
271.4,DMT
271.6,DMT
271.8,DMT
272,DMT
272.2,DMT
272.4,DMT
272.6,DMT
272.8,DMT
273,DMT
273.2,DMT
273.4,DMT
273.6,DMT
273.8,DMT
274,DMT
274.2,DMT
274.4,DMT
274.6,DMT
274.8,DMT
275,DMT
275.2,DMT
275.4,DMT
275.6,DMT
275.8,DMT
276,DMT
276.2,DMT
276.4,DMT
276.6,DMT
276.8,DMT
277,DMT
277.2,DMT
277.4,DMT
277.6,DMT
277.8,DMT
278,DMT
278.2,DMT
278.4,DMT
278.6,DMT
278.8,DMT
279,DMT
279.2,DMT
279.4,DMT
279.6,DMT
279.8,DMT
280,DMT
280.2,DMT
280.4,DMT
280.6,DMT
280.8,DMT
281,DMT
281.2,DMT
281.4,DMT
281.6,DMT
281.8,DMT
282,DMT
282.2,DMT
282.4,DMT
282.6,DMT
282.8,DMT
283,DMT
283.2,SS
283.4,SS
283.6,SS
283.8,SS
284,SS
284.2,SS
284.4,SS
284.6,SS
284.8,SS
285,SS
285.2,SS
285.4,SS
285.6,SS
285.8,SS
286,SS
286.2,SS
286.4,SS
286.6,SS
286.8,SS
287,SS
287.2,DMT
287.4,DMT
287.6,DMT
287.8,DMT
288,DMT
288.2,DMT
288.4,DMT
288.6,DMT
288.8,DMT
289,DMT
289.2,DMT
289.4,DMT
289.6,DMT
289.8,DMT
290,DMT
290.2,DMT
290.4,DMT
290.6,DMT
290.8,DMT
291,DMT
291.2,DMT
291.4,DMT
291.6,DMT
291.8,DMT
292,DMT
292.2,DMT
292.4,DMT
292.6,DMT
292.8,DMT
293,DMT
293.2,DMT
293.4,DMT
293.6,DMT
293.8,DMT
294,DMT
294.2,DMT
294.4,DMT
294.6,DMT
294.8,DMT
295,DMT
295.2,DMT
295.4,DMT
295.6,DMT
295.8,DMT
296,DMT
296.2,DMT
296.4,DMT
296.6,DMT
296.8,DMT
297,DMT
297.2,DMT
297.4,DMT
297.6,DMT
297.8,DMT
298,DMT
298.2,DMT
298.4,DMT
298.6,DMT
298.8,DMT
299,DMT
299.2,DMT
299.4,DMT
299.6,DMT
299.8,DMT
300,DMT
300.2,DMT
300.4,DMT
300.6,DMT
300.8,DMT
301,DMT
301.2,DMT
301.4,DMT
301.6,DMT
301.8,DMT
302,DMT
302.2,DMT
302.4,DMT
302.6,DMT
302.8,DMT
303,DMT
303.2,DMT
303.4,DMT
303.6,DMT
303.8,DMT
304,DMT
304.2,DMT
304.4,DMT
304.6,DMT
304.8,DMT
305,DMT
305.2,DMT
305.4,DMT
305.6,DMT
305.8,DMT
306,DMT
306.2,DMT
306.4,DMT
306.6,DMT
306.8,DMT
307,DMT
307.2,DMT
307.4,DMT
307.6,DMT
307.8,DMT
308,DMT
308.2,DMT
308.4,DMT
308.6,DMT
308.8,DMT
309,DMT
309.2,DMT
309.4,DMT
309.6,DMT
309.8,DMT
310,DMT
310.2,DMT
310.4,DMT
310.6,DMT
310.8,DMT
311,DMT
311.2,DMT
311.4,DMT
311.6,DMT
311.8,DMT
312,DMT
312.2,DMT
312.4,DMT
312.6,DMT
312.8,DMT
313,DMT
313.2,DMT
313.4,DMT
313.6,DMT
313.8,DMT
314,DMT
314.2,DMT
314.4,DMT
314.6,DMT
314.8,DMT
315,DMT
315.2,DMT
315.4,DMT
315.6,DMT
315.8,DMT
316,DMT
316.2,DMT
316.4,DMT
316.6,DMT
316.8,DMT
317,DMT
317.2,DMT
317.4,DMT
317.6,DMT
317.8,DMT
318,DMT
318.2,DMT
318.4,DMT
318.6,DMT
318.8,DMT
319,DMT
319.2,DMT
319.4,DMT
319.6,DMT
319.8,DMT
320,DMT
320.2,DMT
320.4,DMT
320.6,DMT
320.8,DMT
321,DMT
321.2,DMT
321.4,DMT
321.6,DMT
321.8,DMT
322,DMT
322.2,DMT
322.4,DMT
322.6,DMT
322.8,DMT
323,DMT
323.2,DMT
323.4,DMT
323.6,DMT
323.8,DMT
324,DMT
324.2,DMT
324.4,DMT
324.6,DMT
324.8,DMT
325,DMT
325.2,DMT
325.4,DMT
325.6,DMT
325.8,DMT
326,DMT
326.2,DMT
326.4,DMT
326.6,DMT
326.8,DMT
327,DMT
327.2,DMT
327.4,DMT
327.6,DMT
327.8,DMT
328,DMT
328.2,DMT
328.4,DMT
328.6,DMT
328.8,DMT
329,DMT
329.2,DMT
329.4,DMT
329.6,DMT
329.8,DMT
330,DMT
330.2,DMT
330.4,DMT
330.6,DMT
330.8,DMT
331,DMT
331.2,DMT
331.4,DMT
331.6,DMT
331.8,DMT
332,DMT
332.2,DMT
332.4,DMT
332.6,DMT
332.8,DMT
333,DMT
333.2,DMT
333.4,DMT
333.6,DMT
333.8,DMT
334,DMT
334.2,DMT
334.4,DMT
334.6,DMT
334.8,DMT
335,DMT
335.2,DMT
335.4,DMT
335.6,DMT
335.8,DMT
336,DMT
336.2,DMT
336.4,DMT
336.6,DMT
336.8,DMT
337,DMT
337.2,DMT
337.4,DMT
337.6,DMT
337.8,DMT
338,DMT
338.2,DMT
338.4,DMT
338.6,DMT
338.8,DMT
339,DMT
339.2,DMT
339.4,DMT
339.6,DMT
339.8,DMT
340,DMT
340.2,DMT
340.4,DMT
340.6,DMT
340.8,DMT
341,DMT
341.2,DMT
341.4,DMT
341.6,DMT
341.8,DMT
342,DMT
342.2,DMT
342.4,DMT
342.6,DMT
342.8,DMT
343,DMT
343.2,DMT
343.4,DMT
343.6,DMT
343.8,DMT
344,DMT
344.2,DMT
344.4,DMT
344.6,DMT
344.8,DMT
345,DMT
345.2,DMT
345.4,DMT
345.6,DMT
345.8,DMT
346,DMT
346.2,DMT
346.4,DMT
346.6,DMT
346.8,DMT
347,DMT
347.2,DMT
347.4,DMT
347.6,DMT
347.8,DMT
348,DMT
348.2,DMT
348.4,DMT
348.6,DMT
348.8,DMT
349,DMT
349.2,DMT
349.4,DMT
349.6,DMT
349.8,DMT
350,DMT
350.2,DMT
350.4,DMT
350.6,DMT
350.8,DMT
351,DMT
351.2,DMT
351.4,DMT
351.6,DMT
351.8,DMT
352,DMT
352.2,DMT
352.4,DMT
352.6,DMT
352.8,DMT
353,DMT
353.2,DMT
353.4,DMT
353.6,DMT
353.8,DMT
354,DMT
354.2,DMT
354.4,DMT
354.6,DMT
354.8,DMT
355,DMT
355.2,DMT
355.4,DMT
355.6,DMT
355.8,DMT
356,DMT
356.2,DMT
356.4,DMT
356.6,DMT
356.8,DMT
357,DMT
357.2,DMT
357.4,DMT
357.6,DMT
357.8,DMT
358,DMT
358.2,DMT
358.4,DMT
358.6,DMT
358.8,DMT
359,DMT
359.2,DMT
359.4,DMT
359.6,DMT
359.8,DMT
360,DMT
360.2,DMT
360.4,DMT
360.6,DMT
360.8,DMT
361,DMT
361.2,DMT
361.4,DMT
361.6,DMT
361.8,DMT
362,DMT
362.2,DMT
362.4,DMT
362.6,DMT
362.8,DMT
363,DMT
363.2,DMT
363.4,DMT
363.6,DMT
363.8,DMT
364,DMT
364.2,DMT
364.4,DMT
364.6,DMT
364.8,DMT
365,DMT
365.2,DMT
365.4,DMT
365.6,DMT
365.8,DMT
366,DMT
366.2,DMT
366.4,DMT
366.6,DMT
366.8,DMT
367,DMT
367.2,SS
367.4,SS
367.6,SS
367.8,SS
368,SS
368.2,SS
368.4,SS
368.6,SS
368.8,SS
369,SS
369.2,SS
369.4,SS
369.6,SS
369.8,SS
370,SS
370.2,DMT
370.4,DMT
370.6,DMT
370.8,DMT
371,DMT
371.2,DMT
371.4,DMT
371.6,DMT
371.8,DMT
372,DMT
372.2,DMT
372.4,DMT
372.6,DMT
372.8,DMT
373,DMT
373.2,DMT
373.4,DMT
373.6,DMT
373.8,DMT
374,DMT
374.2,DMT
374.4,DMT
374.6,DMT
374.8,DMT
375,DMT
375.2,DMT
375.4,DMT
375.6,DMT
375.8,DMT
376,DMT
376.2,ST
376.4,ST
376.6,ST
376.8,ST
377,ST
377.2,ST
377.4,ST
377.6,ST
377.8,ST
378,ST
378.2,ST
378.4,ST
378.6,ST
378.8,ST
379,ST
379.2,ST
379.4,ST
379.6,ST
379.8,ST
380,ST
380.2,ST
380.4,ST
380.6,ST
380.8,ST
381,ST
381.2,ST
381.4,ST
381.6,ST
381.8,ST
382,ST
382.2,ST
382.4,ST
382.6,ST
382.8,ST
383,ST
383.2,ST
383.4,ST
383.6,ST
383.8,ST
384,ST
384.2,SH
384.4,SH
384.6,SH
384.8,SH
385,SH
385.2,SH
385.4,SH
385.6,SH
385.8,SH
386,SH
386.2,SH
386.4,SH
386.6,SH
386.8,SH
387,SH
387.2,SH
387.4,SH
387.6,SH
387.8,SH
388,SH
388.2,SH
388.4,SH
388.6,SH
388.8,SH
389,SH
389.2,SH
389.4,SH
389.6,SH
389.8,SH
390,SH
390.2,DMT
390.4,DMT
390.6,DMT
390.8,DMT
391,DMT
391.2,DMT
391.4,DMT
391.6,DMT
391.8,DMT
392,DMT
392.2,DMT
392.4,DMT
392.6,DMT
392.8,DMT
393,DMT
393.2,DMT
393.4,DMT
393.6,DMT
393.8,DMT
394,DMT
394.2,DMT
394.4,DMT
394.6,DMT
394.8,DMT
395,DMT
395.2,DMT
395.4,DMT
395.6,DMT
395.8,DMT
396,DMT
396.2,DMT
396.4,DMT
396.6,DMT
396.8,DMT
397,DMT
397.2,DMT
397.4,DMT
397.6,DMT
397.8,DMT
398,DMT
398.2,DMT
398.4,DMT
398.6,DMT
398.8,DMT
399,DMT
399.2,DMT
399.4,DMT
399.6,DMT
399.8,DMT
400,DMT
400.2,DMT
400.4,DMT
400.6,DMT
400.8,DMT
401,DMT
401.2,DMT
401.4,DMT
401.6,DMT
401.8,DMT
402,DMT
402.2,DMT
402.4,DMT
402.6,DMT
402.8,DMT
403,DMT
403.2,DMT
403.4,DMT
403.6,DMT
403.8,DMT
404,DMT
404.2,DMT
404.4,DMT
404.6,DMT
404.8,DMT
405,DMT
405.2,DMT
405.4,DMT
405.6,DMT
405.8,DMT
406,DMT
406.2,DMT
406.4,DMT
406.6,DMT
406.8,DMT
407,DMT
407.2,DMT
407.4,DMT
407.6,DMT
407.8,DMT
408,DMT
408.2,DMT
408.4,DMT
408.6,DMT
408.8,DMT
409,DMT
409.2,DMT
409.4,DMT
409.6,DMT
409.8,DMT
410,DMT
410.2,DMT
410.4,DMT
410.6,DMT
410.8,DMT
411,DMT
411.2,DMT
411.4,DMT
411.6,DMT
411.8,DMT
412,DMT
412.2,DMT
412.4,DMT
412.6,DMT
412.8,DMT
413,DMT
413.2,DMT
413.4,DMT
413.6,DMT
413.8,DMT
414,DMT
414.2,DMT
414.4,DMT
414.6,DMT
414.8,DMT
415,DMT
415.2,DMT
415.4,DMT
415.6,DMT
415.8,DMT
416,DMT
416.2,DMT
416.4,DMT
416.6,DMT
416.8,DMT
417,DMT
417.2,DMT
417.4,DMT
417.6,DMT
417.8,DMT
418,DMT
418.2,DMT
418.4,DMT
418.6,DMT
418.8,DMT
419,DMT
419.2,DMT
419.4,DMT
419.6,DMT
419.8,DMT
420,DMT
420.2,SH
420.4,SH
420.6,SH
420.8,SH
421,SH
421.2,SH
421.4,SH
421.6,SH
421.8,SH
422,SH
422.2,SH
422.4,SH
422.6,SH
422.8,SH
423,SH
423.2,SS
423.4,SS
423.6,SS
423.8,SS
424,SS
424.2,SS
424.4,SS
424.6,SS
424.8,SS
425,SS
425.2,SS
425.4,SS
425.6,SS
425.8,SS
426,SS
426.2,SS
426.4,SS
426.6,SS
426.8,SS
427,SS
427.2,SS
427.4,SS
427.6,SS
427.8,SS
428,SS
428.2,SS
428.4,SS
428.6,SS
428.8,SS
429,SS
429.2,SS
429.4,SS
429.6,SS
429.8,SS
430,SS
430.2,ST
430.4,ST
430.6,ST
430.8,ST
431,ST
431.2,ST
431.4,ST
431.6,ST
431.8,ST
432,ST
432.2,SS
432.4,SS
432.6,SS
432.8,SS
433,SS
433.2,SS
433.4,SS
433.6,SS
433.8,SS
434,SS
434.2,SS
434.4,SS
434.6,SS
434.8,SS
435,SS
435.2,SS
435.4,SS
435.6,SS
435.8,SS
436,SS
436.2,SS
436.4,SS
436.6,SS
436.8,SS
437,SS
437.2,SS
437.4,SS
437.6,SS
437.8,SS
438,SS
438.2,SS
438.4,SS
438.6,SS
438.8,SS
439,SS
439.2,SS
439.4,SS
439.6,SS
439.8,SS
440,SS
440.2,SS
440.4,SS
440.6,SS
440.8,SS
441,SS
441.2,SS
441.4,SS
441.6,SS
441.8,SS
442,SS
442.2,SS
442.4,SS
442.6,SS
442.8,SS
443,SS
443.2,SS
443.4,SS
443.6,SS
443.8,SS
444,SS
444.2,SS
444.4,SS
444.6,SS
444.8,SS
445,SS
445.2,SS
445.4,SS
445.6,SS
445.8,SS
446,SS
446.2,SS
446.4,SS
446.6,SS
446.8,SS
447,SS
447.2,SS
447.4,SS
447.6,SS
447.8,SS
448,SS
448.2,ST
448.4,ST
448.6,ST
448.8,ST
449,ST
449.2,ST
449.4,ST
449.6,ST
449.8,ST
450,ST
450.2,SS
450.4,SS
450.6,SS
450.8,SS
451,SS
451.2,SS
451.4,SS
451.6,SS
451.8,SS
452,SS
452.2,SS
452.4,SS
452.6,SS
452.8,SS
453,SS
453.2,SS
453.4,SS
453.6,SS
453.8,SS
454,SS
454.2,SS
454.4,SS
454.6,SS
454.8,SS
455,SS
455.2,SS
455.4,SS
455.6,SS
455.8,SS
456,SS
456.2,SS
456.4,SS
456.6,SS
456.8,SS
457,SS
457.2,SS
457.4,SS
457.6,SS
457.8,SS
458,SS
458.2,SS
458.4,SS
458.6,SS
458.8,SS
459,SS
459.2,SS
459.4,SS
459.6,SS
459.8,SS
460,SS
460.2,SS
460.4,SS
460.6,SS
460.8,SS
461,SS
461.2,SS
461.4,SS
461.6,SS
461.8,SS
462,SS
462.2,SS
462.4,SS
462.6,SS
462.8,SS
463,SS
463.2,SS
463.4,SS
463.6,SS
463.8,SS
464,SS
464.2,SS
464.4,SS
464.6,SS
464.8,SS
465,SS
465.2,SS
465.4,SS
465.6,SS
465.8,SS
466,SS
466.2,SS
466.4,SS
466.6,SS
466.8,SS
467,SS
467.2,SS
467.4,SS
467.6,SS
467.8,SS
468,SS
468.2,SS
468.4,SS
468.6,SS
468.8,SS
469,SS
469.2,SS
469.4,SS
469.6,SS
469.8,SS
470,SS
470.2,SS
470.4,SS
470.6,SS
470.8,SS
471,SS
471.2,SS
471.4,SS
471.6,SS
471.8,SS
472,SS
472.2,SS
472.4,SS
472.6,SS
472.8,SS
473,SS
473.2,SS
473.4,SS
473.6,SS
473.8,SS
474,SS
474.2,SS
474.4,SS
474.6,SS
474.8,SS
475,SS
475.2,SS
475.4,SS
475.6,SS
475.8,SS
476,SS
476.2,SS
476.4,SS
476.6,SS
476.8,SS
477,SS
477.2,SS
477.4,SS
477.6,SS
477.8,SS
478,SS
478.2,SS
478.4,SS
478.6,SS
478.8,SS
479,SS
479.2,SS
479.4,SS
479.6,SS
479.8,SS
480,SS
480.2,SS
480.4,SS
480.6,SS
480.8,SS
481,SS
481.2,SS
481.4,SS
481.6,SS
481.8,SS
482,SS
482.2,SS
482.4,SS
482.6,SS
482.8,SS
483,SS
483.2,SS
483.4,SS
483.6,SS
483.8,SS
484,SS
484.2,SS
484.4,SS
484.6,SS
484.8,SS
485,SS
485.2,SH
485.4,SH
485.6,SH
485.8,SH
486,SH
486.2,SH
486.4,SH
486.6,SH
486.8,SH
487,SH
487.2,SH
487.4,SH
487.6,SH
487.8,SH
488,SH
488.2,SH
488.4,SH
488.6,SH
488.8,SH
489,SH
489.2,SS
489.4,SS
489.6,SS
489.8,SS
490,SS
490.2,SS
490.4,SS
490.6,SS
490.8,SS
491,SS
491.2,SS
491.4,SS
491.6,SS
491.8,SS
492,SS
492.2,SS
492.4,SS
492.6,SS
492.8,SS
493,SS
493.2,SS
493.4,SS
493.6,SS
493.8,SS
494,SS
494.2,SS
494.4,SS
494.6,SS
494.8,SS
495,SS
495.2,SS
495.4,SS
495.6,SS
495.8,SS
496,SS
496.2,SS
496.4,SS
496.6,SS
496.8,SS
497,SS
497.2,SS
497.4,SS
497.6,SS
497.8,SS
498,SS
498.2,SS
498.4,SS
498.6,SS
498.8,SS
499,SS
499.2,SS
499.4,SS
499.6,SS
499.8,SS
500,SS
500.2,SS
500.4,SS
500.6,SS
500.8,SS
501,SS
501.2,SS
501.4,SS
501.6,SS
501.8,SS
502,SS
502.2,SS
502.4,SS
502.6,SS
502.8,SS
503,SS
503.2,SS
503.4,SS
503.6,SS
503.8,SS
504,SS
504.2,SS
504.4,SS
504.6,SS
504.8,SS
505,SS
505.2,SS
505.4,SS
505.6,SS
505.8,SS
506,SS
506.2,SS
506.4,SS
506.6,SS
506.8,SS
507,SS
507.2,SS
507.4,SS
507.6,SS
507.8,SS
508,SS
508.2,SS
508.4,SS
508.6,SS
508.8,SS
509,SS
509.2,SS
509.4,SS
509.6,SS
509.8,SS
510,SS
510.2,SS
510.4,SS
510.6,SS
510.8,SS
511,SS
511.2,SS
511.4,SS
511.6,SS
511.8,SS
512,SS
512.2,SS
512.4,SS
512.6,SS
512.8,SS
513,SS
513.2,SS
513.4,SS
513.6,SS
513.8,SS
514,SS
514.2,SS
514.4,SS
514.6,SS
514.8,SS
515,SS
515.2,SS
515.4,SS
515.6,SS
515.8,SS
516,SS
516.2,SS
516.4,SS
516.6,SS
516.8,SS
517,SS
517.2,SS
517.4,SS
517.6,SS
517.8,SS
518,SS
518.2,SS
518.4,SS
518.6,SS
518.8,SS
519,SS
519.2,SS
519.4,SS
519.6,SS
519.8,SS
520,SS
520.2,SS
520.4,SS
520.6,SS
520.8,SS
521,SS
521.2,SS
521.4,SS
521.6,SS
521.8,SS
522,SS
522.2,SS
522.4,SS
522.6,SS
522.8,SS
523,SS
523.2,SS
523.4,SS
523.6,SS
523.8,SS
524,SS
524.2,SS
524.4,SS
524.6,SS
524.8,SS
525,SS
525.2,SS
525.4,SS
525.6,SS
525.8,SS
526,SS
526.2,SS
526.4,SS
526.6,SS
526.8,SS
527,SS
527.2,SS
527.4,SS
527.6,SS
527.8,SS
528,SS
528.2,SS
528.4,SS
528.6,SS
528.8,SS
529,SS
529.2,SS
529.4,SS
529.6,SS
529.8,SS
530,SS
530.2,SS
530.4,SS
530.6,SS
530.8,SS
531,SS
531.2,SS
531.4,SS
531.6,SS
531.8,SS
532,SS
532.2,SS
532.4,SS
532.6,SS
532.8,SS
533,SS
533.2,ST
533.4,ST
533.6,ST
533.8,ST
534,ST
534.2,ST
534.4,ST
534.6,ST
534.8,ST
535,ST
535.2,SS
535.4,SS
535.6,SS
535.8,SS
536,SS
536.2,SS
536.4,SS
536.6,SS
536.8,SS
537,SS
537.2,SS
537.4,SS
537.6,SS
537.8,SS
538,SS
538.2,SS
538.4,SS
538.6,SS
538.8,SS
539,SS
539.2,SS
539.4,SS
539.6,SS
539.8,SS
540,SS
540.2,ST
540.4,ST
540.6,ST
540.8,ST
541,ST
541.2,ST
541.4,ST
541.6,ST
541.8,ST
542,ST
542.2,ST
542.4,ST
542.6,ST
542.8,ST
543,ST
543.2,ST
543.4,ST
543.6,ST
543.8,ST
544,ST
544.2,ST
544.4,ST
544.6,ST
544.8,ST
545,ST
545.2,ST
545.4,ST
545.6,ST
545.8,ST
546,ST
546.2,ST
546.4,ST
546.6,ST
546.8,ST
547,ST
547.2,ST
547.4,ST
547.6,ST
547.8,ST
548,ST
548.2,ST
548.4,ST
548.6,ST
548.8,ST
549,ST
549.2,ST
549.4,ST
549.6,ST
549.8,ST
550,ST
550.2,ST
550.4,ST
550.6,ST
550.8,ST
551,ST
551.2,ST
551.4,ST
551.6,ST
551.8,ST
552,ST
552.2,SS
552.4,SS
552.6,SS
552.8,SS
553,SS
553.2,SS
553.4,SS
553.6,SS
553.8,SS
554,SS
554.2,ST
554.4,ST
554.6,ST
554.8,ST
555,ST
555.2,ST
555.4,ST
555.6,ST
555.8,ST
556,ST
556.2,ST
556.4,ST
556.6,ST
556.8,ST
557,ST
557.2,SS
557.4,SS
557.6,SS
557.8,SS
558,SS
558.2,SS
558.4,SS
558.6,SS
558.8,SS
559,SS
559.2,ST
559.4,ST
559.6,ST
559.8,ST
560,ST
560.2,SS
560.4,SS
560.6,SS
560.8,SS
561,SS
561.2,SS
561.4,SS
561.6,SS
561.8,SS
562,SS
562.2,SS
562.4,SS
562.6,SS
562.8,SS
563,SS
563.2,SS
563.4,SS
563.6,SS
563.8,SS
564,SS
564.2,SS
564.4,SS
564.6,SS
564.8,SS
565,SS
565.2,SS
565.4,SS
565.6,SS
565.8,SS
566,SS
566.2,SS
566.4,SS
566.6,SS
566.8,SS
567,SS
567.2,DMT
567.4,DMT
567.6,DMT
567.8,DMT
568,DMT
568.2,SS
568.4,SS
568.6,SS
568.8,SS
569,SS
569.2,SS
569.4,SS
569.6,SS
569.8,SS
570,SS
570.2,SS
570.4,SS
570.6,SS
570.8,SS
571,SS
571.2,ST
571.4,ST
571.6,ST
571.8,ST
572,ST
572.2,ST
572.4,ST
572.6,ST
572.8,ST
573,ST
573.2,ST
573.4,ST
573.6,ST
573.8,ST
574,ST
574.2,ST
574.4,ST
574.6,ST
574.8,ST
575,ST
575.2,ST
575.4,ST
575.6,ST
575.8,ST
576,ST
576.2,ST
576.4,ST
576.6,ST
576.8,ST
577,ST
577.2,ST
577.4,ST
577.6,ST
577.8,ST
578,ST
578.2,SS
578.4,SS
578.6,SS
578.8,SS
579,SS
579.2,SS
579.4,SS
579.6,SS
579.8,SS
580,SS
580.2,SS
580.4,SS
580.6,SS
580.8,SS
581,SS
581.2,SS
581.4,SS
581.6,SS
581.8,SS
582,SS
582.2,SS
582.4,SS
582.6,SS
582.8,SS
583,SS
583.2,SS
583.4,SS
583.6,SS
583.8,SS
584,SS
584.2,SS
584.4,SS
584.6,SS
584.8,SS
585,SS
585.2,ST
585.4,ST
585.6,ST
585.8,ST
586,ST
586.2,ST
586.4,ST
586.6,ST
586.8,ST
587,ST
587.2,ST
587.4,ST
587.6,ST
587.8,ST
588,ST
588.2,ST
588.4,ST
588.6,ST
588.8,ST
589,ST
589.2,ST
589.4,ST
589.6,ST
589.8,ST
590,ST
590.2,ST
590.4,ST
590.6,ST
590.8,ST
591,ST
591.2,ST
591.4,ST
591.6,ST
591.8,ST
592,ST
592.2,ST
592.4,ST
592.6,ST
592.8,ST
593,ST
593.2,SS
593.4,SS
593.6,SS
593.8,SS
594,SS
594.2,SS
594.4,SS
594.6,SS
594.8,SS
595,SS
595.2,SS
595.4,SS
595.6,SS
595.8,SS
596,SS
596.2,SS
596.4,SS
596.6,SS
596.8,SS
597,SS
597.2,SS
597.4,SS
597.6,SS
597.8,SS
598,SS
598.2,SS
598.4,SS
598.6,SS
598.8,SS
599,SS
599.2,SS
599.4,SS
599.6,SS
599.8,SS
600,SS
600.2,SS
600.4,SS
600.6,SS
600.8,SS
601,SS
601.2,SS
601.4,SS
601.6,SS
601.8,SS
602,SS
602.2,SS
602.4,SS
602.6,SS
602.8,SS
603,SS
603.2,SS
603.4,SS
603.6,SS
603.8,SS
604,SS
604.2,SS
604.4,SS
604.6,SS
604.8,SS
605,SS
605.2,SS
605.4,SS
605.6,SS
605.8,SS
606,SS
606.2,SS
606.4,SS
606.6,SS
606.8,SS
607,SS
607.2,SS
607.4,SS
607.6,SS
607.8,SS
608,SS
608.2,SS
608.4,SS
608.6,SS
608.8,SS
609,SS
609.2,SS
609.4,SS
609.6,SS
609.8,SS
610,SS
610.2,SS
610.4,SS
610.6,SS
610.8,SS
611,SS
611.2,SS
611.4,SS
611.6,SS
611.8,SS
612,SS
612.2,SS
612.4,SS
612.6,SS
612.8,SS
613,SS
613.2,SS
613.4,SS
613.6,SS
613.8,SS
614,SS
614.2,SS
614.4,SS
614.6,SS
614.8,SS
615,SS
615.2,SS
615.4,SS
615.6,SS
615.8,SS
616,SS
616.2,SS
616.4,SS
616.6,SS
616.8,SS
617,SS
617.2,SS
617.4,SS
617.6,SS
617.8,SS
618,SS
618.2,SS
618.4,SS
618.6,SS
618.8,SS
619,SS
619.2,SS
619.4,SS
619.6,SS
619.8,SS
620,SS
620.2,SS
620.4,SS
620.6,SS
620.8,SS
621,SS
621.2,SS
621.4,SS
621.6,SS
621.8,SS
622,SS
622.2,SS
622.4,SS
622.6,SS
622.8,SS
623,SS
623.2,SS
623.4,SS
623.6,SS
623.8,SS
624,SS
624.2,SS
624.4,SS
624.6,SS
624.8,SS
625,SS
625.2,SS
625.4,SS
625.6,SS
625.8,SS
626,SS
626.2,SS
626.4,SS
626.6,SS
626.8,SS
627,SS
627.2,SS
627.4,SS
627.6,SS
627.8,SS
628,SS
628.2,SS
628.4,SS
628.6,SS
628.8,SS
629,SS
629.2,SS
629.4,SS
629.6,SS
629.8,SS
630,SS
630.2,ST
630.4,ST
630.6,ST
630.8,ST
631,ST
631.2,ST
631.4,ST
631.6,ST
631.8,ST
632,ST
632.2,ST
632.4,ST
632.6,ST
632.8,ST
633,ST
633.2,SS
633.4,SS
633.6,SS
633.8,SS
634,SS
634.2,ST
634.4,ST
634.6,ST
634.8,ST
635,ST
635.2,ST
635.4,ST
635.6,ST
635.8,ST
636,ST
636.2,SS
636.4,SS
636.6,SS
636.8,SS
637,SS
637.2,SS
637.4,SS
637.6,SS
637.8,SS
638,SS
638.2,ST
638.4,ST
638.6,ST
638.8,ST
639,ST
639.2,SS
639.4,SS
639.6,SS
639.8,SS
640,SS
640.2,SS
640.4,SS
640.6,SS
640.8,SS
641,SS
641.2,SS
641.4,SS
641.6,SS
641.8,SS
642,SS
642.2,SS
642.4,SS
642.6,SS
642.8,SS
643,SS
643.2,ST
643.4,ST
643.6,ST
643.8,ST
644,ST
644.2,ST
644.4,ST
644.6,ST
644.8,ST
645,ST
645.2,ST
645.4,ST
645.6,ST
645.8,ST
646,ST
646.2,SS
646.4,SS
646.6,SS
646.8,SS
647,SS
647.2,SS
647.4,SS
647.6,SS
647.8,SS
648,SS
648.2,SS
648.4,SS
648.6,SS
648.8,SS
649,SS
649.2,SS
649.4,SS
649.6,SS
649.8,SS
650,SS
650.2,ST
650.4,ST
650.6,ST
650.8,ST
651,ST
651.2,ST
651.4,ST
651.6,ST
651.8,ST
652,ST
652.2,ST
652.4,ST
652.6,ST
652.8,ST
653,ST
653.2,SS
653.4,SS
653.6,SS
653.8,SS
654,SS
654.2,SS
654.4,SS
654.6,SS
654.8,SS
655,SS
655.2,SS
655.4,SS
655.6,SS
655.8,SS
656,SS
656.2,SS
656.4,SS
656.6,SS
656.8,SS
657,SS
657.2,SS
657.4,SS
657.6,SS
657.8,SS
658,SS
658.2,SS
658.4,SS
658.6,SS
658.8,SS
659,SS
659.2,SS
659.4,SS
659.6,SS
659.8,SS
660,SS
660.2,SS
660.4,SS
660.6,SS
660.8,SS
661,SS
661.2,SS
661.4,SS
661.6,SS
661.8,SS
662,SS
662.2,SS
662.4,SS
662.6,SS
662.8,SS
663,SS
663.2,SS
663.4,SS
663.6,SS
663.8,SS
664,SS
664.2,SS
664.4,SS
664.6,SS
664.8,SS
665,SS
665.2,SS
665.4,SS
665.6,SS
665.8,SS
666,SS
666.2,SS
666.4,SS
666.6,SS
666.8,SS
667,SS
667.2,SS
667.4,SS
667.6,SS
667.8,SS
668,SS
668.2,SS
668.4,SS
668.6,SS
668.8,SS
669,SS
669.2,SS
669.4,SS
669.6,SS
669.8,SS
670,SS
670.2,SS
670.4,SS
670.6,SS
670.8,SS
671,SS
671.2,SS
671.4,SS
671.6,SS
671.8,SS
672,SS
672.2,SS
672.4,SS
672.6,SS
672.8,SS
673,SS
673.2,SS
673.4,SS
673.6,SS
673.8,SS
674,SS
674.2,SS
674.4,SS
674.6,SS
674.8,SS
675,SS
675.2,SS
675.4,SS
675.6,SS
675.8,SS
676,SS
676.2,SS
676.4,SS
676.6,SS
676.8,SS
677,SS
677.2,SS
677.4,SS
677.6,SS
677.8,SS
678,SS
678.2,SS
678.4,SS
678.6,SS
678.8,SS
679,SS
679.2,SS
679.4,SS
679.6,SS
679.8,SS
680,SS
680.2,SS
680.4,SS
680.6,SS
680.8,SS
681,SS
681.2,SS
681.4,SS
681.6,SS
681.8,SS
682,SS
682.2,SS
682.4,SS
682.6,SS
682.8,SS
683,SS
683.2,SS
683.4,SS
683.6,SS
683.8,SS
684,SS
684.2,SS
684.4,SS
684.6,SS
684.8,SS
685,SS
685.2,SS
685.4,SS
685.6,SS
685.8,SS
686,SS
686.2,SS
686.4,SS
686.6,SS
686.8,SS
687,SS
687.2,ST
687.4,ST
687.6,ST
687.8,ST
688,ST
688.2,ST
688.4,ST
688.6,ST
688.8,ST
689,ST
689.2,ST
689.4,ST
689.6,ST
689.8,ST
690,ST
690.2,SS
690.4,SS
690.6,SS
690.8,SS
691,SS
691.2,SS
691.4,SS
691.6,SS
691.8,SS
692,SS
692.2,SS
692.4,SS
692.6,SS
692.8,SS
693,SS
693.2,SS
693.4,SS
693.6,SS
693.8,SS
694,SS
694.2,ST
694.4,ST
694.6,ST
694.8,ST
695,ST
695.2,ST
695.4,ST
695.6,ST
695.8,ST
696,ST
696.2,SS
696.4,SS
696.6,SS
696.8,SS
697,SS
697.2,SS
697.4,SS
697.6,SS
697.8,SS
698,SS
698.2,SS
698.4,SS
698.6,SS
698.8,SS
699,SS
699.2,SS
699.4,SS
699.6,SS
699.8,SS
700,SS
700.2,SS
700.4,SS
700.6,SS
700.8,SS
701,SS
701.2,SS
701.4,SS
701.6,SS
701.8,SS
702,SS
702.2,ST
702.4,ST
702.6,ST
702.8,ST
703,ST
703.2,ST
703.4,ST
703.6,ST
703.8,ST
704,ST
704.2,SS
704.4,SS
704.6,SS
704.8,SS
705,SS
705.2,SS
705.4,SS
705.6,SS
705.8,SS
706,SS
706.2,ST
706.4,ST
706.6,ST
706.8,ST
707,ST
707.2,ST
707.4,ST
707.6,ST
707.8,ST
708,ST
708.2,SS
708.4,SS
708.6,SS
708.8,SS
709,SS
709.2,SS
709.4,SS
709.6,SS
709.8,SS
710,SS
710.2,SS
710.4,SS
710.6,SS
710.8,SS
711,SS
711.2,SS
711.4,SS
711.6,SS
711.8,SS
712,SS
712.2,SS
712.4,SS
712.6,SS
712.8,SS
713,SS
713.2,ST
713.4,ST
713.6,ST
713.8,ST
714,ST
714.2,ST
714.4,ST
714.6,ST
714.8,ST
715,ST
715.2,ST
715.4,ST
715.6,ST
715.8,ST
716,ST
716.2,SS
716.4,SS
716.6,SS
716.8,SS
717,SS
717.2,SS
717.4,SS
717.6,SS
717.8,SS
718,SS
718.2,SS
718.4,SS
718.6,SS
718.8,SS
719,SS
719.2,SS
719.4,SS
719.6,SS
719.8,SS
720,SS
720.2,SS
720.4,SS
720.6,SS
720.8,SS
721,SS
721.2,SS
721.4,SS
721.6,SS
721.8,SS
722,SS
722.2,SS
722.4,SS
722.6,SS
722.8,SS
723,SS
723.2,SS
723.4,SS
723.6,SS
723.8,SS
724,SS
724.2,SS
724.4,SS
724.6,SS
724.8,SS
725,SS
725.2,SS
725.4,SS
725.6,SS
725.8,SS
726,SS
726.2,SS
726.4,SS
726.6,SS
726.8,SS
727,SS
727.2,ST
727.4,ST
727.6,ST
727.8,ST
728,ST
728.2,ST
728.4,ST
728.6,ST
728.8,ST
729,ST
729.2,ST
729.4,ST
729.6,ST
729.8,ST
730,ST
730.2,ST
730.4,ST
730.6,ST
730.8,ST
731,ST
731.2,ST
731.4,ST
731.6,ST
731.8,ST
732,ST
732.2,ST
732.4,ST
732.6,ST
732.8,ST
733,ST
733.2,ST
733.4,ST
733.6,ST
733.8,ST
734,ST
734.2,ST
734.4,ST
734.6,ST
734.8,ST
735,ST
735.2,ST
735.4,ST
735.6,ST
735.8,ST
736,ST
736.2,ST
736.4,ST
736.6,ST
736.8,ST
737,ST
737.2,ST
737.4,ST
737.6,ST
737.8,ST
738,ST
738.2,ST
738.4,ST
738.6,ST
738.8,ST
739,ST
739.2,SS
739.4,SS
739.6,SS
739.8,SS
740,SS
740.2,SS
740.4,SS
740.6,SS
740.8,SS
741,SS
741.2,SS
741.4,SS
741.6,SS
741.8,SS
742,SS
742.2,SS
742.4,SS
742.6,SS
742.8,SS
743,SS
743.2,SS
743.4,SS
743.6,SS
743.8,SS
744,SS
744.2,SS
744.4,SS
744.6,SS
744.8,SS
745,SS
745.2,SS
745.4,SS
745.6,SS
745.8,SS
746,SS
746.2,SS
746.4,SS
746.6,SS
746.8,SS
747,SS
747.2,SS
747.4,SS
747.6,SS
747.8,SS
748,SS
748.2,SS
748.4,SS
748.6,SS
748.8,SS
749,SS
749.2,SS
749.4,SS
749.6,SS
749.8,SS
750,SS
750.2,SS
750.4,SS
750.6,SS
750.8,SS
751,SS
751.2,SS
751.4,SS
751.6,SS
751.8,SS
752,SS
752.2,SS
752.4,SS
752.6,SS
752.8,SS
753,SS
753.2,SS
753.4,SS
753.6,SS
753.8,SS
754,SS
754.2,SS
754.4,SS
754.6,SS
754.8,SS
755,SS
755.2,SS
755.4,SS
755.6,SS
755.8,SS
756,SS
756.2,SS
756.4,SS
756.6,SS
756.8,SS
757,SS
757.2,SS
757.4,SS
757.6,SS
757.8,SS
758,SS
758.2,SS
758.4,SS
758.6,SS
758.8,SS
759,SS
759.2,SS
759.4,SS
759.6,SS
759.8,SS
760,SS
760.2,SS
760.4,SS
760.6,SS
760.8,SS
761,SS
761.2,SS
761.4,SS
761.6,SS
761.8,SS
762,SS
762.2,SS
762.4,SS
762.6,SS
762.8,SS
763,SS
763.2,SS
763.4,SS
763.6,SS
763.8,SS
764,SS
764.2,SS
764.4,SS
764.6,SS
764.8,SS
765,SS
765.2,SS
765.4,SS
765.6,SS
765.8,SS
766,SS
766.2,SS
766.4,SS
766.6,SS
766.8,SS
767,SS
767.2,SS
767.4,SS
767.6,SS
767.8,SS
768,SS
768.2,SS
768.4,SS
768.6,SS
768.8,SS
769,SS
769.2,SS
769.4,SS
769.6,SS
769.8,SS
770,SS
770.2,SS
770.4,SS
770.6,SS
770.8,SS
771,SS
771.2,SS
771.4,SS
771.6,SS
771.8,SS
772,SS
772.2,ST
772.4,ST
772.6,ST
772.8,ST
773,ST
773.2,ST
773.4,ST
773.6,ST
773.8,ST
774,ST
774.2,ST
774.4,ST
774.6,ST
774.8,ST
775,ST
775.2,ST
775.4,ST
775.6,ST
775.8,ST
776,ST
776.2,ST
776.4,ST
776.6,ST
776.8,ST
777,ST
777.2,SS
777.4,SS
777.6,SS
777.8,SS
778,SS
778.2,SS
778.4,SS
778.6,SS
778.8,SS
779,SS
779.2,SS
779.4,SS
779.6,SS
779.8,SS
780,SS
780.2,SS
780.4,SS
780.6,SS
780.8,SS
781,SS
781.2,SS
781.4,SS
781.6,SS
781.8,SS
782,SS
782.2,SS
782.4,SS
782.6,SS
782.8,SS
783,SS
783.2,ST
783.4,ST
783.6,ST
783.8,ST
784,ST
784.2,ST
784.4,ST
784.6,ST
784.8,ST
785,ST
785.2,ST
785.4,ST
785.6,ST
785.8,ST
786,ST
786.2,ST
786.4,ST
786.6,ST
786.8,ST
787,ST
787.2,ST
787.4,ST
787.6,ST
787.8,ST
788,ST
788.2,ST
788.4,ST
788.6,ST
788.8,ST
789,ST
789.2,ST
789.4,ST
789.6,ST
789.8,ST
790,ST
790.2,ST
790.4,ST
790.6,ST
790.8,ST
791,ST
791.2,ST
791.4,ST
791.6,ST
791.8,ST
792,ST
792.2,ST
792.4,ST
792.6,ST
792.8,ST
793,ST
793.2,ST
793.4,ST
793.6,ST
793.8,ST
794,ST
794.2,ST
794.4,ST
794.6,ST
794.8,ST
795,ST
795.2,ST
795.4,ST
795.6,ST
795.8,ST
796,ST
796.2,ST
796.4,ST
796.6,ST
796.8,ST
797,ST
797.2,ST
797.4,ST
797.6,ST
797.8,ST
798,ST
798.2,ST
798.4,ST
798.6,ST
798.8,ST
799,ST
799.2,SS
799.4,SS
799.6,SS
799.8,SS
800,SS
800.2,SS
800.4,SS
800.6,SS
800.8,SS
801,SS
801.2,SS
801.4,SS
801.6,SS
801.8,SS
802,SS
802.2,SS
802.4,SS
802.6,SS
802.8,SS
803,SS
803.2,SS
803.4,SS
803.6,SS
803.8,SS
804,SS
804.2,SS
804.4,SS
804.6,SS
804.8,SS
805,SS
805.2,SS
805.4,SS
805.6,SS
805.8,SS
806,SS
806.2,SS
806.4,SS
806.6,SS
806.8,SS
807,SS
807.2,SS
807.4,SS
807.6,SS
807.8,SS
808,SS
808.2,SS
808.4,SS
808.6,SS
808.8,SS
809,SS
809.2,SS
809.4,SS
809.6,SS
809.8,SS
810,SS
810.2,SS
810.4,SS
810.6,SS
810.8,SS
811,SS
811.2,SS
811.4,SS
811.6,SS
811.8,SS
812,SS
812.2,CGL
812.4,CGL
812.6,CGL
812.8,CGL
813,CGL
813.2,CGL
813.4,CGL
813.6,CGL
813.8,CGL
814,CGL
814.2,CGL
814.4,CGL
814.6,CGL
814.8,CGL
815,CGL
815.2,SS
815.4,SS
815.6,SS
815.8,SS
816,SS
816.2,SS
816.4,SS
816.6,SS
816.8,SS
817,SS
817.2,SS
817.4,SS
817.6,SS
817.8,SS
818,SS
818.2,SS
818.4,SS
818.6,SS
818.8,SS
819,SS
819.2,SS
819.4,SS
819.6,SS
819.8,SS
820,SS
820.2,SS
820.4,SS
820.6,SS
820.8,SS
821,SS
821.2,SS
821.4,SS
821.6,SS
821.8,SS
822,SS
822.2,SS
822.4,SS
822.6,SS
822.8,SS
823,SS
823.2,SS
823.4,SS
823.6,SS
823.8,SS
824,SS
824.2,SS
824.4,SS
824.6,SS
824.8,SS
825,SS
825.2,SS
825.4,SS
825.6,SS
825.8,SS
826,SS
826.2,SS
826.4,SS
826.6,SS
826.8,SS
827,SS
827.2,SS
827.4,SS
827.6,SS
827.8,SS
828,SS
828.2,SS
828.4,SS
828.6,SS
828.8,SS
829,SS
829.2,SS
829.4,SS
829.6,SS
829.8,SS
830,SS
830.2,SS
830.4,SS
830.6,SS
830.8,SS
831,SS
831.2,SS
831.4,SS
831.6,SS
831.8,SS
832,SS
832.2,SS
832.4,SS
832.6,SS
832.8,SS
833,SS
833.2,ST
833.4,ST
833.6,ST
833.8,ST
834,ST
834.2,ST
834.4,ST
834.6,ST
834.8,ST
835,ST
835.2,ST
835.4,ST
835.6,ST
835.8,ST
836,ST
836.2,ST
836.4,ST
836.6,ST
836.8,ST
837,ST
837.2,SS
837.4,SS
837.6,SS
837.8,SS
838,SS
838.2,SS
838.4,SS
838.6,SS
838.8,SS
839,SS
839.2,SS
839.4,SS
839.6,SS
839.8,SS
840,SS
840.2,SS
840.4,SS
840.6,SS
840.8,SS
841,SS
841.2,SS
841.4,SS
841.6,SS
841.8,SS
842,SS
842.2,SS
842.4,SS
842.6,SS
842.8,SS
843,SS
843.2,SS
843.4,SS
843.6,SS
843.8,SS
844,SS
844.2,SS
844.4,SS
844.6,SS
844.8,SS
845,SS
845.2,SS
845.4,SS
845.6,SS
845.8,SS
846,SS
846.2,SS
846.4,SS
846.6,SS
846.8,SS
847,SS
847.2,SS
847.4,SS
847.6,SS
847.8,SS
848,SS
848.2,SS
848.4,SS
848.6,SS
848.8,SS
849,SS
849.2,SS
849.4,SS
849.6,SS
849.8,SS
850,SS
850.2,SS
850.4,SS
850.6,SS
850.8,SS
851,SS
851.2,SS
851.4,SS
851.6,SS
851.8,SS
852,SS
852.2,SS
852.4,SS
852.6,SS
852.8,SS
853,SS
853.2,SS
853.4,SS
853.6,SS
853.8,SS
854,SS
854.2,SS
854.4,SS
854.6,SS
854.8,SS
855,SS
855.2,SS
855.4,SS
855.6,SS
855.8,SS
856,SS
856.2,SS
856.4,SS
856.6,SS
856.8,SS
857,SS
857.2,SS
857.4,SS
857.6,SS
857.8,SS
858,SS
858.2,SS
858.4,SS
858.6,SS
858.8,SS
859,SS
859.2,SS
859.4,SS
859.6,SS
859.8,SS
860,SS
860.2,SS
860.4,SS
860.6,SS
860.8,SS
861,SS
861.2,ST
861.4,ST
861.6,ST
861.8,ST
862,ST
862.2,ST
862.4,ST
862.6,ST
862.8,ST
863,ST
863.2,ST
863.4,ST
863.6,ST
863.8,ST
864,ST
864.2,SS
864.4,SS
864.6,SS
864.8,SS
865,SS
865.2,SS
865.4,SS
865.6,SS
865.8,SS
866,SS
866.2,SS
866.4,SS
866.6,SS
866.8,SS
867,SS
867.2,SS
867.4,SS
867.6,SS
867.8,SS
868,SS
868.2,SS
868.4,SS
868.6,SS
868.8,SS
869,SS
869.2,ST
869.4,ST
869.6,ST
869.8,ST
870,ST
870.2,ST
870.4,ST
870.6,ST
870.8,ST
871,ST
871.2,ST
871.4,ST
871.6,ST
871.8,ST
872,ST
872.2,ST
872.4,ST
872.6,ST
872.8,ST
873,ST
873.2,ST
873.4,ST
873.6,ST
873.8,ST
874,ST
874.2,ST
874.4,ST
874.6,ST
874.8,ST
875,ST
875.2,ST
875.4,ST
875.6,ST
875.8,ST
876,ST
876.2,ST
876.4,ST
876.6,ST
876.8,ST
877,ST
877.2,ST
877.4,ST
877.6,ST
877.8,ST
878,ST
878.2,SS
878.4,SS
878.6,SS
878.8,SS
879,SS
879.2,SS
879.4,SS
879.6,SS
879.8,SS
880,SS
880.2,SS
880.4,SS
880.6,SS
880.8,SS
881,SS
881.2,SS
881.4,SS
881.6,SS
881.8,SS
882,SS
882.2,SS
882.4,SS
882.6,SS
882.8,SS
883,SS
883.2,SS
883.4,SS
883.6,SS
883.8,SS
884,SS
884.2,SS
884.4,SS
884.6,SS
884.8,SS
885,SS
885.2,SS
885.4,SS
885.6,SS
885.8,SS
886,SS
886.2,ST
886.4,ST
886.6,ST
886.8,ST
887,ST
887.2,ST
887.4,ST
887.6,ST
887.8,ST
888,ST
888.2,SS
888.4,SS
888.6,SS
888.8,SS
889,SS
889.2,SS
889.4,SS
889.6,SS
889.8,SS
890,SS
890.2,ST
890.4,ST
890.6,ST
890.8,ST
891,ST
891.2,ST
891.4,ST
891.6,ST
891.8,ST
892,ST
892.2,ST
892.4,ST
892.6,ST
892.8,ST
893,ST
893.2,SS
893.4,SS
893.6,SS
893.8,SS
894,SS
894.2,SS
894.4,SS
894.6,SS
894.8,SS
895,SS
895.2,ST
895.4,ST
895.6,ST
895.8,ST
896,ST
896.2,ST
896.4,ST
896.6,ST
896.8,ST
897,ST
897.2,ST
897.4,ST
897.6,ST
897.8,ST
898,ST
898.2,SS
898.4,SS
898.6,SS
898.8,SS
899,SS
899.2,SS
899.4,SS
899.6,SS
899.8,SS
900,SS
900.2,SS
900.4,SS
900.6,SS
900.8,SS
901,SS
901.2,SS
901.4,SS
901.6,SS
901.8,SS
902,SS
902.2,ST
902.4,ST
902.6,ST
902.8,ST
903,ST
903.2,ST
903.4,ST
903.6,ST
903.8,ST
904,ST
904.2,ST
904.4,ST
904.6,ST
904.8,ST
905,ST
905.2,ST
905.4,ST
905.6,ST
905.8,ST
906,ST
906.2,ST
906.4,ST
906.6,ST
906.8,ST
907,ST
907.2,SS
907.4,SS
907.6,SS
907.8,SS
908,SS
908.2,SS
908.4,SS
908.6,SS
908.8,SS
909,SS
909.2,SS
909.4,SS
909.6,SS
909.8,SS
910,SS
910.2,ST
910.4,ST
910.6,ST
910.8,ST
911,ST
911.2,ST
911.4,ST
911.6,ST
911.8,ST
912,ST
912.2,ST
912.4,ST
912.6,ST
912.8,ST
913,ST
913.2,SS
913.4,SS
913.6,SS
913.8,SS
914,SS
914.2,SS
914.4,SS
914.6,SS
914.8,SS
915,SS
915.2,SH
915.4,SH
915.6,SH
915.8,SH
916,SH
916.2,SH
916.4,SH
916.6,SH
916.8,SH
917,SH
917.2,SH
917.4,SH
917.6,SH
917.8,SH
918,SH
918.2,SH
918.4,SH
918.6,SH
918.8,SH
919,SH
919.2,SH
919.4,SH
919.6,SH
919.8,SH
920,SH
920.2,SH
920.4,SH
920.6,SH
920.8,SH
921,SH
921.2,SH
921.4,SH
921.6,SH
921.8,SH
922,SH
922.2,SH
922.4,SH
922.6,SH
922.8,SH
923,SH
923.2,SH
923.4,SH
923.6,SH
923.8,SH
924,SH
924.2,SH
924.4,SH
924.6,SH
924.8,SH
925,SH
925.2,SH
925.4,SH
925.6,SH
925.8,SH
926,SH
926.2,SH
926.4,SH
926.6,SH
926.8,SH
927,SH
927.2,SH
927.4,SH
927.6,SH
927.8,SH
928,SH
928.2,SH
928.4,SH
928.6,SH
928.8,SH
929,SH
929.2,SH
929.4,SH
929.6,SH
929.8,SH
930,SH
930.2,SH
930.4,SH
930.6,SH
930.8,SH
931,SH
931.2,SH
931.4,SH
931.6,SH
931.8,SH
932,SH
932.2,SH
932.4,SH
932.6,SH
932.8,SH
933,SH
933.2,SH
933.4,SH
933.6,SH
933.8,SH
934,SH
934.2,SH
934.4,SH
934.6,SH
934.8,SH
935,SH
935.2,SS
935.4,SS
935.6,SS
935.8,SS
936,SS
936.2,SS
936.4,SS
936.6,SS
936.8,SS
937,SS
937.2,SS
937.4,SS
937.6,SS
937.8,SS
938,SS
938.2,SS
938.4,SS
938.6,SS
938.8,SS
939,SS
939.2,SS
939.4,SS
939.6,SS
939.8,SS
940,SS
940.2,SS
940.4,SS
940.6,SS
940.8,SS
941,SS
941.2,SH
941.4,SH
941.6,SH
941.8,SH
942,SH
942.2,SH
942.4,SH
942.6,SH
942.8,SH
943,SH
943.2,SH
943.4,SH
943.6,SH
943.8,SH
944,SH
944.2,SH
944.4,SH
944.6,SH
944.8,SH
945,SH
945.2,SH
945.4,SH
945.6,SH
945.8,SH
946,SH
946.2,SH
946.4,SH
946.6,SH
946.8,SH
947,SH
947.2,SH
947.4,SH
947.6,SH
947.8,SH
948,SH
948.2,SH
948.4,SH
948.6,SH
948.8,SH
949,SH
949.2,SH
949.4,SH
949.6,SH
949.8,SH
950,SH
950.2,SH
950.4,SH
950.6,SH
950.8,SH
951,SH
951.2,SH
951.4,SH
951.6,SH
951.8,SH
952,SH
952.2,SH
952.4,SH
952.6,SH
952.8,SH
953,SH
953.2,SS
953.4,SS
953.6,SS
953.8,SS
954,SS
954.2,SS
954.4,SS
954.6,SS
954.8,SS
955,SS
955.2,IGN
955.4,IGN
955.6,IGN
955.8,IGN
956,IGN
956.2,IGN
956.4,IGN
956.6,IGN
956.8,IGN
957,IGN
957.2,IGN
957.4,IGN
957.6,IGN
957.8,IGN
958,IGN
958.2,IGN
958.4,IGN
958.6,IGN
958.8,IGN
959,IGN
959.2,IGN
959.4,IGN
959.6,IGN
959.8,IGN
960,IGN
960.2,IGN
960.4,IGN
960.6,IGN
960.8,IGN
961,IGN
961.2,IGN
961.4,IGN
961.6,IGN
961.8,IGN
962,IGN
962.2,IGN
962.4,IGN
962.6,IGN
962.8,IGN
963,IGN
963.2,IGN
963.4,IGN
963.6,IGN
963.8,IGN
964,IGN
964.2,IGN
964.4,IGN
964.6,IGN
964.8,IGN
965,IGN
965.2,IGN
965.4,IGN
965.6,IGN
965.8,IGN
966,IGN
966.2,IGN
966.4,IGN
966.6,IGN
966.8,IGN
967,IGN
967.2,IGN
967.4,IGN
967.6,IGN
967.8,IGN
968,IGN
968.2,SS
968.4,SS
968.6,SS
968.8,SS
969,SS
969.2,SS
969.4,SS
969.6,SS
969.8,SS
970,SS
970.2,SS
970.4,SS
970.6,SS
970.8,SS
971,SS
971.2,SS
971.4,SS
971.6,SS
971.8,SS
972,SS
972.2,SH
972.4,SH
972.6,SH
972.8,SH
973,SH
973.2,SH
973.4,SH
973.6,SH
973.8,SH
974,SH
974.2,SH
974.4,SH
974.6,SH
974.8,SH
975,SH
975.2,SH
975.4,SH
975.6,SH
975.8,SH
976,SH
976.2,SH
976.4,SH
976.6,SH
976.8,SH
977,SH
977.2,SH
977.4,SH
977.6,SH
977.8,SH
978,SH
978.2,SH
978.4,SH
978.6,SH
978.8,SH
979,SH
979.2,SH
979.4,SH
979.6,SH
979.8,SH
980,SH
980.2,SH
980.4,SH
980.6,SH
980.8,SH
981,SH
981.2,SH
981.4,SH
981.6,SH
981.8,SH
982,SH
982.2,SH
982.4,SH
982.6,SH
982.8,SH
983,SH
983.2,SH
983.4,SH
983.6,SH
983.8,SH
984,SH
984.2,SH
984.4,SH
984.6,SH
984.8,SH
985,SH
985.2,SH
985.4,SH
985.6,SH
985.8,SH
986,SH
986.2,SH
986.4,SH
986.6,SH
986.8,SH
987,SH
987.2,SS
987.4,SS
987.6,SS
987.8,SS
988,SS
988.2,SS
988.4,SS
988.6,SS
988.8,SS
989,SS
989.2,SS
989.4,SS
989.6,SS
989.8,SS
990,SS
990.2,SS
990.4,SS
990.6,SS
990.8,SS
991,SS
991.2,SH
991.4,SH
991.6,SH
991.8,SH
992,SH
992.2,SH
992.4,SH
992.6,SH
992.8,SH
993,SH
993.2,SH
993.4,SH
993.6,SH
993.8,SH
994,SH
994.2,SH
994.4,SH
994.6,SH
994.8,SH
995,SH
995.2,SH
995.4,SH
995.6,SH
995.8,SH
996,SH
996.2,SH
996.4,SH
996.6,SH
996.8,SH
997,SH
997.2,SH
997.4,SH
997.6,SH
997.8,SH
998,SH
998.2,SH
998.4,SH
998.6,SH
998.8,SH
999,SH
999.2,SH
999.4,SH
999.6,SH
999.8,SH
1000,SH
1000.2,SH
1000.4,SH
1000.6,SH
1000.8,SH
1001,SH
1001.2,SH
1001.4,SH
1001.6,SH
1001.8,SH
1002,SH
1002.2,SH
1002.4,SH
1002.6,SH
1002.8,SH
1003,SH
1003.2,SH
1003.4,SH
1003.6,SH
1003.8,SH
1004,SH
1004.2,SH
1004.4,SH
1004.6,SH
1004.8,SH
1005,SH
1005.2,SH
1005.4,SH
1005.6,SH
1005.8,SH
1006,SH
1006.2,SH
1006.4,SH
1006.6,SH
1006.8,SH
1007,SH
1007.2,SH
1007.4,SH
1007.6,SH
1007.8,SH
1008,SH
1008.2,SH
1008.4,SH
1008.6,SH
1008.8,SH
1009,SH
1009.2,SH
1009.4,SH
1009.6,SH
1009.8,SH
1010,SH
1010.2,SH
1010.4,SH
1010.6,SH
1010.8,SH
1011,SH
1011.2,SH
1011.4,SH
1011.6,SH
1011.8,SH
1012,SH
1012.2,SH
1012.4,SH
1012.6,SH
1012.8,SH
1013,SH
1013.2,SH
1013.4,SH
1013.6,SH
1013.8,SH
1014,SH
1014.2,SH
1014.4,SH
1014.6,SH
1014.8,SH
1015,SH
1015.2,SH
1015.4,SH
1015.6,SH
1015.8,SH
1016,SH
1016.2,SH
1016.4,SH
1016.6,SH
1016.8,SH
1017,SH
1017.2,SH
1017.4,SH
1017.6,SH
1017.8,SH
1018,SH
1018.2,SH
1018.4,SH
1018.6,SH
1018.8,SH
1019,SH
1019.2,SH
1019.4,SH
1019.6,SH
1019.8,SH
1020,SH
1020.2,SH
1020.4,SH
1020.6,SH
1020.8,SH
1021,SH
1021.2,SH
1021.4,SH
1021.6,SH
1021.8,SH
1022,SH
1022.2,SH
1022.4,SH
1022.6,SH
1022.8,SH
1023,SH
1023.2,SH
1023.4,SH
1023.6,SH
1023.8,SH
1024,SH
1024.2,SH
1024.4,SH
1024.6,SH
1024.8,SH
1025,SH
1025.2,SH
1025.4,SH
1025.6,SH
1025.8,SH
1026,SH
1026.2,SH
1026.4,SH
1026.6,SH
1026.8,SH
1027,SH
1027.2,SH
1027.4,SH
1027.6,SH
1027.8,SH
1028,SH
1028.2,SH
1028.4,SH
1028.6,SH
1028.8,SH
1029,SH
1029.2,SH
1029.4,SH
1029.6,SH
1029.8,SH
1030,SH
1030.2,SH
1030.4,SH
1030.6,SH
1030.8,SH
1031,SH
1031.2,SH
1031.4,SH
1031.6,SH
1031.8,SH
1032,SH
1032.2,SH
1032.4,SH
1032.6,SH
1032.8,SH
1033,SH
1033.2,SH
1033.4,SH
1033.6,SH
1033.8,SH
1034,SH
1034.2,SH
1034.4,SH
1034.6,SH
1034.8,SH
1035,SH
1035.2,SH
1035.4,SH
1035.6,SH
1035.8,SH
1036,SH
1036.2,SH
1036.4,SH
1036.6,SH
1036.8,SH
1037,SH
1037.2,SH
1037.4,SH
1037.6,SH
1037.8,SH
1038,SH
1038.2,SS
1038.4,SS
1038.6,SS
1038.8,SS
1039,SS
1039.2,SS
1039.4,SS
1039.6,SS
1039.8,SS
1040,SS
1040.2,SS
1040.4,SS
1040.6,SS
1040.8,SS
1041,SS
1041.2,SS
1041.4,SS
1041.6,SS
1041.8,SS
1042,SS
1042.2,SS
1042.4,SS
1042.6,SS
1042.8,SS
1043,SS
1043.2,SS
1043.4,SS
1043.6,SS
1043.8,SS
1044,SS
1044.2,SS
1044.4,SS
1044.6,SS
1044.8,SS
1045,SS
1045.2,IGN
1045.4,IGN
1045.6,IGN
1045.8,IGN
1046,IGN
1046.2,IGN
1046.4,IGN
1046.6,IGN
1046.8,IGN
1047,IGN
1047.2,IGN
1047.4,IGN
1047.6,IGN
1047.8,IGN
1048,IGN
1048.2,IGN
1048.4,IGN
1048.6,IGN
1048.8,IGN
1049,IGN
1049.2,IGN
1049.4,IGN
1049.6,IGN
1049.8,IGN
1050,IGN
1050.2,IGN
1050.4,IGN
1050.6,IGN
1050.8,IGN
1051,IGN
1051.2,IGN
1051.4,IGN
1051.6,IGN
1051.8,IGN
1052,IGN
1052.2,IGN
1052.4,IGN
1052.6,IGN
1052.8,IGN
1053,IGN
1053.2,IGN
1053.4,IGN
1053.6,IGN
1053.8,IGN
1054,IGN
1054.2,IGN
1054.4,IGN
1054.6,IGN
1054.8,IGN
1055,IGN
1055.2,IGN
1055.4,IGN
1055.6,IGN
1055.8,IGN
1056,IGN
1056.2,IGN
1056.4,IGN
1056.6,IGN
1056.8,IGN
1057,IGN
1057.2,IGN
1057.4,IGN
1057.6,IGN
1057.8,IGN
1058,IGN
1058.2,IGN
1058.4,IGN
1058.6,IGN
1058.8,IGN
1059,IGN
1059.2,IGN
1059.4,IGN
1059.6,IGN
1059.8,IGN
1060,IGN
1060.2,IGN
1060.4,IGN
1060.6,IGN
1060.8,IGN
1061,IGN
1061.2,IGN
1061.4,IGN
1061.6,IGN
1061.8,IGN
1062,IGN
1062.2,IGN
1062.4,IGN
1062.6,IGN
1062.8,IGN
1063,IGN
1063.2,IGN
1063.4,IGN
1063.6,IGN
1063.8,IGN
1064,IGN
1064.2,IGN
1064.4,IGN
1064.6,IGN
1064.8,IGN
1065,IGN
1065.2,IGN
1065.4,IGN
1065.6,IGN
1065.8,IGN
1066,IGN
1066.2,IGN
1066.4,IGN
1066.6,IGN
1066.8,IGN
1067,IGN
1067.2,IGN
1067.4,IGN
1067.6,IGN
1067.8,IGN
1068,IGN
1068.2,IGN
1068.4,IGN
1068.6,IGN
1068.8,IGN
1069,IGN
1069.2,IGN
1069.4,IGN
1069.6,IGN
1069.8,IGN
1070,IGN
1070.2,IGN
1070.4,IGN
1070.6,IGN
1070.8,IGN
1071,IGN
1071.2,ST
1071.4,ST
1071.6,ST
1071.8,ST
1072,ST
1072.2,ST
1072.4,ST
1072.6,ST
1072.8,ST
1073,ST
1073.2,ST
1073.4,ST
1073.6,ST
1073.8,ST
1074,ST
1074.2,ST
1074.4,ST
1074.6,ST
1074.8,ST
1075,ST
1075.2,ST
1075.4,ST
1075.6,ST
1075.8,ST
1076,ST
1076.2,ST
1076.4,ST
1076.6,ST
1076.8,ST
1077,ST
1077.2,ST
1077.4,ST
1077.6,ST
1077.8,ST
1078,ST
1078.2,ST
1078.4,ST
1078.6,ST
1078.8,ST
1079,ST
1079.2,ST
1079.4,ST
1079.6,ST
1079.8,ST
1080,ST
1080.2,SH
1080.4,SH
1080.6,SH
1080.8,SH
1081,SH
1081.2,SH
1081.4,SH
1081.6,SH
1081.8,SH
1082,SH
1082.2,SH
1082.4,SH
1082.6,SH
1082.8,SH
1083,SH
1083.2,SH
1083.4,SH
1083.6,SH
1083.8,SH
1084,SH
1084.2,SH
1084.4,SH
1084.6,SH
1084.8,SH
1085,SH
1085.2,SH
1085.4,SH
1085.6,SH
1085.8,SH
1086,SH
1086.2,SH
1086.4,SH
1086.6,SH
1086.8,SH
1087,SH
1087.2,SH
1087.4,SH
1087.6,SH
1087.8,SH
1088,SH
1088.2,SH
1088.4,SH
1088.6,SH
1088.8,SH
1089,SH
1089.2,SH
1089.4,SH
1089.6,SH
1089.8,SH
1090,SH
1090.2,SH
1090.4,SH
1090.6,SH
1090.8,SH
1091,SH
1091.2,SH
1091.4,SH
1091.6,SH
1091.8,SH
1092,SH
1092.2,SH
1092.4,SH
1092.6,SH
1092.8,SH
1093,SH
1093.2,SH
1093.4,SH
1093.6,SH
1093.8,SH
1094,SH
1094.2,SH
1094.4,SH
1094.6,SH
1094.8,SH
1095,SH
1095.2,SH
1095.4,SH
1095.6,SH
1095.8,SH
1096,SH
1096.2,SH
1096.4,SH
1096.6,SH
1096.8,SH
1097,SH
1097.2,SS
1097.4,SS
1097.6,SS
1097.8,SS
1098,SS
1098.2,SS
1098.4,SS
1098.6,SS
1098.8,SS
1099,SS
1099.2,SS
1099.4,SS
1099.6,SS
1099.8,SS
1100,SS
1100.2,SH
1100.4,SH
1100.6,SH
1100.8,SH
1101,SH
1101.2,SH
1101.4,SH
1101.6,SH
1101.8,SH
1102,SH
1102.2,SS
1102.4,SS
1102.6,SS
1102.8,SS
1103,SS
1103.2,SS
1103.4,SS
1103.6,SS
1103.8,SS
1104,SS
1104.2,SS
1104.4,SS
1104.6,SS
1104.8,SS
1105,SS
1105.2,SS
1105.4,SS
1105.6,SS
1105.8,SS
1106,SS
1106.2,SH
1106.4,SH
1106.6,SH
1106.8,SH
1107,SH
1107.2,SH
1107.4,SH
1107.6,SH
1107.8,SH
1108,SH
1108.2,SH
1108.4,SH
1108.6,SH
1108.8,SH
1109,SH
1109.2,SH
1109.4,SH
1109.6,SH
1109.8,SH
1110,SH
1110.2,SH
1110.4,SH
1110.6,SH
1110.8,SH
1111,SH
1111.2,SH
1111.4,SH
1111.6,SH
1111.8,SH
1112,SH
1112.2,SS
1112.4,SS
1112.6,SS
1112.8,SS
1113,SS
1113.2,SS
1113.4,SS
1113.6,SS
1113.8,SS
1114,SS
1114.2,SS
1114.4,SS
1114.6,SS
1114.8,SS
1115,SS
1115.2,SS
1115.4,SS
1115.6,SS
1115.8,SS
1116,SS
1116.2,SS
1116.4,SS
1116.6,SS
1116.8,SS
1117,SS
1117.2,SS
1117.4,SS
1117.6,SS
1117.8,SS
1118,SS
1118.2,SH
1118.4,SH
1118.6,SH
1118.8,SH
1119,SH
1119.2,SH
1119.4,SH
1119.6,SH
1119.8,SH
1120,SH
1120.2,SH
1120.4,SH
1120.6,SH
1120.8,SH
1121,SH
1121.2,SH
1121.4,SH
1121.6,SH
1121.8,SH
1122,SH
1122.2,SH
1122.4,SH
1122.6,SH
1122.8,SH
1123,SH
1123.2,SH
1123.4,SH
1123.6,SH
1123.8,SH
1124,SH
1124.2,SH
1124.4,SH
1124.6,SH
1124.8,SH
1125,SH
1125.2,SH
1125.4,SH
1125.6,SH
1125.8,SH
1126,SH
1126.2,SH
1126.4,SH
1126.6,SH
1126.8,SH
1127,SH
1127.2,SH
1127.4,SH
1127.6,SH
1127.8,SH
1128,SH
1128.2,SH
1128.4,SH
1128.6,SH
1128.8,SH
1129,SH
1129.2,SH
1129.4,SH
1129.6,SH
1129.8,SH
1130,SH
1130.2,SH
1130.4,SH
1130.6,SH
1130.8,SH
1131,SH
1131.2,SH
1131.4,SH
1131.6,SH
1131.8,SH
1132,SH
1132.2,SH
1132.4,SH
1132.6,SH
1132.8,SH
1133,SH
1133.2,SH
1133.4,SH
1133.6,SH
1133.8,SH
1134,SH
1134.2,SH
1134.4,SH
1134.6,SH
1134.8,SH
1135,SH
1135.2,SH
1135.4,SH
1135.6,SH
1135.8,SH
1136,SH
1136.2,SH
1136.4,SH
1136.6,SH
1136.8,SH
1137,SH
1137.2,SH
1137.4,SH
1137.6,SH
1137.8,SH
1138,SH
1138.2,SH
1138.4,SH
1138.6,SH
1138.8,SH
1139,SH
1139.2,SH
1139.4,SH
1139.6,SH
1139.8,SH
1140,SH
1140.2,SH
1140.4,SH
1140.6,SH
1140.8,SH
1141,SH
1141.2,SH
1141.4,SH
1141.6,SH
1141.8,SH
1142,SH
1142.2,SH
1142.4,SH
1142.6,SH
1142.8,SH
1143,SH
1143.2,SH
1143.4,SH
1143.6,SH
1143.8,SH
1144,SH
1144.2,SH
1144.4,SH
1144.6,SH
1144.8,SH
1145,SH
1145.2,SH
1145.4,SH
1145.6,SH
1145.8,SH
1146,SH
1146.2,SH
1146.4,SH
1146.6,SH
1146.8,SH
1147,SH
1147.2,SH
1147.4,SH
1147.6,SH
1147.8,SH
1148,SH
1148.2,SH
1148.4,SH
1148.6,SH
1148.8,SH
1149,SH
1149.2,SH
1149.4,SH
1149.6,SH
1149.8,SH
1150,SH
1150.2,SH
1150.4,SH
1150.6,SH
1150.8,SH
1151,SH
1151.2,SH
1151.4,SH
1151.6,SH
1151.8,SH
1152,SH
1152.2,SH
1152.4,SH
1152.6,SH
1152.8,SH
1153,SH
1153.2,ST
1153.4,ST
1153.6,ST
1153.8,ST
1154,ST
1154.2,ST
1154.4,ST
1154.6,ST
1154.8,ST
1155,ST
1155.2,ST
1155.4,ST
1155.6,ST
1155.8,ST
1156,ST
1156.2,ST
1156.4,ST
1156.6,ST
1156.8,ST
1157,ST
1157.2,ST
1157.4,ST
1157.6,ST
1157.8,ST
1158,ST
1158.2,ST
1158.4,ST
1158.6,ST
1158.8,ST
1159,ST
1159.2,ST
1159.4,ST
1159.6,ST
1159.8,ST
1160,ST
1160.2,ST
1160.4,ST
1160.6,ST
1160.8,ST
1161,SH
1161.2,SH
1161.4,SH
1161.6,SH
1161.8,SH
1162,ST
1162.2,ST
1162.4,ST
1162.6,ST
1162.8,ST
1163,ST
1163.2,ST
1163.4,ST
1163.6,ST
1163.8,ST
1164,ST
1164.2,ST
1164.4,ST
1164.6,ST
1164.8,ST
1165,ST
1165.2,ST
1165.4,ST
1165.6,ST
1165.8,ST
1166,ST
1166.2,ST
1166.4,ST
1166.6,ST
1166.8,ST
1167,ST
1167.2,ST
1167.4,ST
1167.6,ST
1167.8,ST
1168,ST
1168.2,ST
1168.4,ST
1168.6,ST
1168.8,ST
1169,ST
1169.2,ST
1169.4,ST
1169.6,ST
1169.8,ST
1170,ST
1170.2,ST
1170.4,ST
1170.6,ST
1170.8,ST
1171,ST
1171.2,ST
1171.4,ST
1171.6,ST
1171.8,ST
1172,SH
1172.2,SH
1172.4,SH
1172.6,SH
1172.8,SH
1173,SH
1173.2,SH
1173.4,SH
1173.6,SH
1173.8,SH
1174,SH
1174.2,SH
1174.4,SH
1174.6,SH
1174.8,SH
1175,SH
1175.2,SH
1175.4,SH
1175.6,SH
1175.8,SH
1176,SH
1176.2,SH
1176.4,SH
1176.6,SH
1176.8,SH
1177,SH
1177.2,SH
1177.4,SH
1177.6,SH
1177.8,SH
1178,SH
1178.2,SH
1178.4,SH
1178.6,SH
1178.8,SH
1179,SH
1179.2,SH
1179.4,SH
1179.6,SH
1179.8,SH
1180,SH
1180.2,SH
1180.4,SH
1180.6,SH
1180.8,SH
1181,SH
1181.2,SH
1181.4,SH
1181.6,SH
1181.8,SH
1182,SH
1182.2,SH
1182.4,SH
1182.6,SH
1182.8,SH
1183,SH
1183.2,SH
1183.4,SH
1183.6,SH
1183.8,SH
1184,SH
1184.2,SH
1184.4,SH
1184.6,SH
1184.8,SH
1185,ST
1185.2,ST
1185.4,ST
1185.6,ST
1185.8,ST
1186,ST
1186.2,ST
1186.4,ST
1186.6,ST
1186.8,ST
1187,ST
1187.2,ST
1187.4,ST
1187.6,ST
1187.8,ST
1188,IGN
1188.2,IGN
1188.4,IGN
1188.6,IGN
1188.8,IGN
1189,IGN
1189.2,IGN
1189.4,IGN
1189.6,IGN
1189.8,IGN
1190,IGN
1190.2,IGN
1190.4,IGN
1190.6,IGN
1190.8,IGN
1191,IGN
1191.2,IGN
1191.4,IGN
1191.6,IGN
1191.8,IGN
1192,IGN
1192.2,IGN
1192.4,IGN
1192.6,IGN
1192.8,IGN
1193,IGN
1193.2,IGN
1193.4,IGN
1193.6,IGN
1193.8,IGN
1194,IGN
1194.2,IGN
1194.4,IGN
1194.6,IGN
1194.8,IGN
1195,IGN
1195.2,IGN
1195.4,IGN
1195.6,IGN
1195.8,IGN
1196,IGN
1196.2,IGN
1196.4,IGN
1196.6,IGN
1196.8,IGN
1197,IGN
1197.2,IGN
1197.4,IGN
1197.6,IGN
1197.8,IGN
1198,IGN
1198.2,IGN
1198.4,IGN
1198.6,IGN
1198.8,IGN
1199,IGN
1199.2,IGN
1199.4,IGN
1199.6,IGN
1199.8,IGN
1200,IGN
1200.2,IGN
1200.4,IGN
1200.6,IGN
1200.8,IGN
1201,IGN
1201.2,IGN
1201.4,IGN
1201.6,IGN
1201.8,IGN
1202,SH
1202.2,SH
1202.4,SH
1202.6,SH
1202.8,SH
1203,SH
1203.2,SH
1203.4,SH
1203.6,SH
1203.8,SH
1204,SH
1204.2,SH
1204.4,SH
1204.6,SH
1204.8,SH
1205,SH
1205.2,SH
1205.4,SH
1205.6,SH
1205.8,SH
1206,SH
1206.2,SH
1206.4,SH
1206.6,SH
1206.8,SH
1207,SH
1207.2,SH
1207.4,SH
1207.6,SH
1207.8,SH
1208,SH
1208.2,SH
1208.4,SH
1208.6,SH
1208.8,SH
1209,SH
1209.2,SH
1209.4,SH
1209.6,SH
1209.8,SH
1210,SH
1210.2,SH
1210.4,SH
1210.6,SH
1210.8,SH
1211,SH
1211.2,SH
1211.4,SH
1211.6,SH
1211.8,SH
1212,SH
1212.2,SH
1212.4,SH
1212.6,SH
1212.8,SH
1213,SH
1213.2,SH
1213.4,SH
1213.6,SH
1213.8,SH
1214,SH
1214.2,SH
1214.4,SH
1214.6,SH
1214.8,SH
1215,IGN
1215.2,IGN
1215.4,IGN
1215.6,IGN
1215.8,IGN
1216,IGN
1216.2,IGN
1216.4,IGN
1216.6,IGN
1216.8,IGN
1217,IGN
1217.2,IGN
1217.4,IGN
1217.6,IGN
1217.8,IGN
1218,IGN
1218.2,IGN
1218.4,IGN
1218.6,IGN
1218.8,IGN
1219,IGN
1219.2,IGN
1219.4,IGN
1219.6,IGN
1219.8,IGN
1220,IGN
1220.2,IGN
1220.4,IGN
1220.6,IGN
1220.8,IGN
1221,IGN
1221.2,IGN
1221.4,IGN
1221.6,IGN
1221.8,IGN
1222,IGN
1222.2,IGN
1222.4,IGN
1222.6,IGN
1222.8,IGN
1223,IGN
1223.2,IGN
1223.4,IGN
1223.6,IGN
1223.8,IGN
1224,IGN
1224.2,IGN
1224.4,IGN
1224.6,IGN
1224.8,IGN
1225,IGN
1225.2,IGN
1225.4,IGN
1225.6,IGN
1225.8,IGN
1226,IGN
1226.2,IGN
1226.4,IGN
1226.6,IGN
1226.8,IGN
1227,IGN
1227.2,IGN
1227.4,IGN
1227.6,IGN
1227.8,IGN
1228,IGN
1228.2,IGN
1228.4,IGN
1228.6,IGN
1228.8,IGN
1229,SH
1229.2,SH
1229.4,SH
1229.6,SH
1229.8,SH
1230,SH
1230.2,SH
1230.4,SH
1230.6,SH
1230.8,SH
1231,ST
1231.2,ST
1231.4,ST
1231.6,ST
1231.8,ST
1232,ST
1232.2,ST
1232.4,ST
1232.6,ST
1232.8,ST
1233,ST
1233.2,ST
1233.4,ST
1233.6,ST
1233.8,ST
1234,SH
1234.2,SH
1234.4,SH
1234.6,SH
1234.8,SH
1235,SH
1235.2,SH
1235.4,SH
1235.6,SH
1235.8,SH
1236,SH
1236.2,SH
1236.4,SH
1236.6,SH
1236.8,SH
1237,SH
1237.2,SH
1237.4,SH
1237.6,SH
1237.8,SH
1238,SH
1238.2,SH
1238.4,SH
1238.6,SH
1238.8,SH
1239,SH
1239.2,SH
1239.4,SH
1239.6,SH
1239.8,SH
1240,SH
1240.2,SH
1240.4,SH
1240.6,SH
1240.8,SH
1241,SH
1241.2,SH
1241.4,SH
1241.6,SH
1241.8,SH
1242,SH
1242.2,SH
1242.4,SH
1242.6,SH
1242.8,SH
1243,SH
1243.2,SH
1243.4,SH
1243.6,SH
1243.8,SH
1244,IGN
1244.2,IGN
1244.4,IGN
1244.6,IGN
1244.8,IGN
1245,IGN
1245.2,IGN
1245.4,IGN
1245.6,IGN
1245.8,IGN
1246,IGN
1246.2,IGN
1246.4,IGN
1246.6,IGN
1246.8,IGN
1247,IGN
1247.2,IGN
1247.4,IGN
1247.6,IGN
1247.8,IGN
1248,IGN
1248.2,IGN
1248.4,IGN
1248.6,IGN
1248.8,IGN
1249,IGN
1249.2,IGN
1249.4,IGN
1249.6,IGN
1249.8,IGN
1250,IGN
1250.2,IGN
1250.4,IGN
1250.6,IGN
1250.8,IGN
1251,IGN
1251.2,IGN
1251.4,IGN
1251.6,IGN
1251.8,IGN
1252,IGN
1252.2,IGN
1252.4,IGN
1252.6,IGN
1252.8,IGN
1253,IGN
1253.2,IGN
1253.4,IGN
1253.6,IGN
1253.8,IGN
1254,IGN
1254.2,IGN
1254.4,IGN
1254.6,IGN
1254.8,IGN
1255,IGN
1255.2,IGN
1255.4,IGN
1255.6,IGN
1255.8,IGN
1256,IGN
1256.2,IGN
1256.4,IGN
1256.6,IGN
1256.8,IGN
1257,IGN
1257.2,IGN
1257.4,IGN
1257.6,IGN
1257.8,IGN
1258,IGN
1258.2,IGN
1258.4,IGN
1258.6,IGN
1258.8,IGN
1259,IGN
1259.2,IGN
1259.4,IGN
1259.6,IGN
1259.8,IGN
1260,IGN
1260.2,IGN
1260.4,IGN
1260.6,IGN
1260.8,IGN
1261,IGN
1261.2,IGN
1261.4,IGN
1261.6,IGN
1261.8,IGN
1262,IGN
1262.2,IGN
1262.4,IGN
1262.6,IGN
1262.8,IGN
1263,IGN
1263.2,IGN
1263.4,IGN
1263.6,IGN
1263.8,IGN
1264,IGN
1264.2,IGN
1264.4,IGN
1264.6,IGN
1264.8,IGN
1265,IGN
1265.2,IGN
1265.4,IGN
1265.6,IGN
1265.8,IGN
1266,IGN
1266.2,IGN
1266.4,IGN
1266.6,IGN
1266.8,IGN
1267,IGN
1267.2,IGN
1267.4,IGN
1267.6,IGN
1267.8,IGN
1268,IGN
1268.2,IGN
1268.4,IGN
1268.6,IGN
1268.8,IGN
1269,SH
1269.2,SH
1269.4,SH
1269.6,SH
1269.8,SH
1270,SH
1270.2,SH
1270.4,SH
1270.6,SH
1270.8,SH
1271,SH
1271.2,SH
1271.4,SH
1271.6,SH
1271.8,SH
1272,SH
1272.2,SH
1272.4,SH
1272.6,SH
1272.8,SH
1273,SH
1273.2,SH
1273.4,SH
1273.6,SH
1273.8,SH
1274,SH
1274.2,SH
1274.4,SH
1274.6,SH
1274.8,SH
1275,ST
1275.2,ST
1275.4,ST
1275.6,ST
1275.8,ST
1276,ST
1276.2,ST
1276.4,ST
1276.6,ST
1276.8,ST
1277,ST
1277.2,ST
1277.4,ST
1277.6,ST
1277.8,ST
1278,SH
1278.2,SH
1278.4,SH
1278.6,SH
1278.8,SH
1279,SH
1279.2,SH
1279.4,SH
1279.6,SH
1279.8,SH
1280,SH
1280.2,SH
1280.4,SH
1280.6,SH
1280.8,SH
1281,SH
1281.2,SH
1281.4,SH
1281.6,SH
1281.8,SH
1282,SH
1282.2,SH
1282.4,SH
1282.6,SH
1282.8,SH
1283,SH
1283.2,SH
1283.4,SH
1283.6,SH
1283.8,SH
1284,SH
1284.2,SH
1284.4,SH
1284.6,SH
1284.8,SH
1285,SH
1285.2,SH
1285.4,SH
1285.6,SH
1285.8,SH
1286,SH
1286.2,SH
1286.4,SH
1286.6,SH
1286.8,SH
1287,SH
1287.2,SH
1287.4,SH
1287.6,SH
1287.8,SH
1288,SH
1288.2,SH
1288.4,SH
1288.6,SH
1288.8,SH
1289,SH
1289.2,SH
1289.4,SH
1289.6,SH
1289.8,SH
1290,SH
1290.2,SH
1290.4,SH
1290.6,SH
1290.8,SH
1291,SH
1291.2,SH
1291.4,SH
1291.6,SH
1291.8,SH
1292,SH
1292.2,SH
1292.4,SH
1292.6,SH
1292.8,SH
1293,SH
1293.2,SH
1293.4,SH
1293.6,SH
1293.8,SH
1294,SH
1294.2,SH
1294.4,SH
1294.6,SH
1294.8,SH
1295,SH
1295.2,SH
1295.4,SH
1295.6,SH
1295.8,SH
1296,SH
1296.2,SH
1296.4,SH
1296.6,SH
1296.8,SH
1297,SH
1297.2,SH
1297.4,SH
1297.6,SH
1297.8,SH
1298,SH
1298.2,SH
1298.4,SH
1298.6,SH
1298.8,SH
1299,SH
1299.2,SH
1299.4,SH
1299.6,SH
1299.8,SH
1300,SH
1300.2,SH
1300.4,SH
1300.6,SH
1300.8,SH
1301,SH
1301.2,SH
1301.4,SH
1301.6,SH
1301.8,SH
1302,SH
1302.2,SH
1302.4,SH
1302.6,SH
1302.8,SH
1303,SH
1303.2,SH
1303.4,SH
1303.6,SH
1303.8,SH
1304,SH
1304.2,SH
1304.4,SH
1304.6,SH
1304.8,SH
1305,SH
1305.2,SH
1305.4,SH
1305.6,SH
1305.8,SH
1306,SH
1306.2,SH
1306.4,SH
1306.6,SH
1306.8,SH
1307,SH
1307.2,SH
1307.4,SH
1307.6,SH
1307.8,SH
1308,IGN
1308.2,IGN
1308.4,IGN
1308.6,IGN
1308.8,IGN
1309,SH
1309.2,SH
1309.4,SH
1309.6,SH
1309.8,SH
1310,SH
1310.2,SH
1310.4,SH
1310.6,SH
1310.8,SH
1311,IGN
1311.2,IGN
1311.4,IGN
1311.6,IGN
1311.8,IGN
1312,IGN
1312.2,IGN
1312.4,IGN
1312.6,IGN
1312.8,IGN
1313,IGN
1313.2,IGN
1313.4,IGN
1313.6,IGN
1313.8,IGN
1314,SH
1314.2,SH
1314.4,SH
1314.6,SH
1314.8,SH
1315,SH
1315.2,SH
1315.4,SH
1315.6,SH
1315.8,SH
1316,SH
1316.2,SH
1316.4,SH
1316.6,SH
1316.8,SH
1317,SH
1317.2,SH
1317.4,SH
1317.6,SH
1317.8,SH
1318,SH
1318.2,SH
1318.4,SH
1318.6,SH
1318.8,SH
1319,SH
1319.2,SH
1319.4,SH
1319.6,SH
1319.8,SH
1320,SH
1320.2,SH
1320.4,SH
1320.6,SH
1320.8,SH
1321,SH
1321.2,SH
1321.4,SH
1321.6,SH
1321.8,SH
1322,SH
1322.2,SH
1322.4,SH
1322.6,SH
1322.8,SH
1323,SH
1323.2,SH
1323.4,SH
1323.6,SH
1323.8,SH
1324,SH
1324.2,SH
1324.4,SH
1324.6,SH
1324.8,SH
1325,SH
1325.2,SH
1325.4,SH
1325.6,SH
1325.8,SH
1326,SH
1326.2,SH
1326.4,SH
1326.6,SH
1326.8,SH
1327,SH
1327.2,SH
1327.4,SH
1327.6,SH
1327.8,SH
1328,SH
1328.2,SH
1328.4,SH
1328.6,SH
1328.8,SH
1329,ST
1329.2,ST
1329.4,ST
1329.6,ST
1329.8,ST
1330,ST
1330.2,ST
1330.4,ST
1330.6,ST
1330.8,ST
1331,ST
1331.2,ST
1331.4,ST
1331.6,ST
1331.8,ST
1332,ST
1332.2,ST
1332.4,ST
1332.6,ST
1332.8,ST
1333,ST
1333.2,ST
1333.4,ST
1333.6,ST
1333.8,ST
1334,ST
1334.2,ST
1334.4,ST
1334.6,ST
1334.8,ST
1335,ST
1335.2,ST
1335.4,ST
1335.6,ST
1335.8,ST
1336,ST
1336.2,ST
1336.4,ST
1336.6,ST
1336.8,ST
1337,ST
1337.2,ST
1337.4,ST
1337.6,ST
1337.8,ST
1338,ST
1338.2,ST
1338.4,ST
1338.6,ST
1338.8,ST
1339,ST
1339.2,ST
1339.4,ST
1339.6,ST
1339.8,ST
1340,SH
1340.2,SH
1340.4,SH
1340.6,SH
1340.8,SH
1341,SH
1341.2,SH
1341.4,SH
1341.6,SH
1341.8,SH
1342,SH
1342.2,SH
1342.4,SH
1342.6,SH
1342.8,SH
1343,SH
1343.2,SH
1343.4,SH
1343.6,SH
1343.8,SH
1344,SH
1344.2,SH
1344.4,SH
1344.6,SH
1344.8,SH
1345,SH
1345.2,SH
1345.4,SH
1345.6,SH
1345.8,SH
1346,SH
1346.2,SH
1346.4,SH
1346.6,SH
1346.8,SH
1347,SH
1347.2,SH
1347.4,SH
1347.6,SH
1347.8,SH
1348,SH
1348.2,SH
1348.4,SH
1348.6,SH
1348.8,SH
1349,SH
1349.2,SH
1349.4,SH
1349.6,SH
1349.8,SH
1350,SH
1350.2,SH
1350.4,SH
1350.6,SH
1350.8,SH
1351,SH
1351.2,SH
1351.4,SH
1351.6,SH
1351.8,SH
1352,SH
1352.2,SH
1352.4,SH
1352.6,SH
1352.8,SH
1353,ST
1353.2,ST
1353.4,ST
1353.6,ST
1353.8,ST
1354,ST
1354.2,ST
1354.4,ST
1354.6,ST
1354.8,ST
1355,ST
1355.2,ST
1355.4,ST
1355.6,ST
1355.8,ST
1356,ST
1356.2,ST
1356.4,ST
1356.6,ST
1356.8,ST
1357,ST
1357.2,ST
1357.4,ST
1357.6,ST
1357.8,ST
1358,ST
1358.2,ST
1358.4,ST
1358.6,ST
1358.8,ST
1359,IGN
1359.2,IGN
1359.4,IGN
1359.6,IGN
1359.8,IGN
1360,IGN
1360.2,IGN
1360.4,IGN
1360.6,IGN
1360.8,IGN
1361,IGN
1361.2,IGN
1361.4,IGN
1361.6,IGN
1361.8,IGN
1362,IGN
1362.2,IGN
1362.4,IGN
1362.6,IGN
1362.8,IGN
1363,IGN
1363.2,IGN
1363.4,IGN
1363.6,IGN
1363.8,IGN
1364,IGN
1364.2,IGN
1364.4,IGN
1364.6,IGN
1364.8,IGN
1365,IGN
1365.2,IGN
1365.4,IGN
1365.6,IGN
1365.8,IGN
1366,IGN
1366.2,IGN
1366.4,IGN
1366.6,IGN
1366.8,IGN
1367,IGN
1367.2,IGN
1367.4,IGN
1367.6,IGN
1367.8,IGN
1368,IGN
1368.2,IGN
1368.4,IGN
1368.6,IGN
1368.8,IGN
1369,IGN
1369.2,IGN
1369.4,IGN
1369.6,IGN
1369.8,IGN
1370,IGN
1370.2,IGN
1370.4,IGN
1370.6,IGN
1370.8,IGN
1371,IGN
1371.2,IGN
1371.4,IGN
1371.6,IGN
1371.8,IGN
1372,IGN
1372.2,IGN
1372.4,IGN
1372.6,IGN
1372.8,IGN
1373,IGN
1373.2,IGN
1373.4,IGN
1373.6,IGN
1373.8,IGN
1374,IGN
1374.2,IGN
1374.4,IGN
1374.6,IGN
1374.8,IGN
1375,IGN
1375.2,IGN
1375.4,IGN
1375.6,IGN
1375.8,IGN
1376,IGN
1376.2,IGN
1376.4,IGN
1376.6,IGN
1376.8,IGN
1377,IGN
1377.2,IGN
1377.4,IGN
1377.6,IGN
1377.8,IGN
1378,IGN
1378.2,IGN
1378.4,IGN
1378.6,IGN
1378.8,IGN
1379,IGN
1379.2,IGN
1379.4,IGN
1379.6,IGN
1379.8,IGN
1380,IGN
1380.2,IGN
1380.4,IGN
1380.6,IGN
1380.8,IGN
1381,IGN
1381.2,IGN
1381.4,IGN
1381.6,IGN
1381.8,IGN
1382,IGN
1382.2,IGN
1382.4,IGN
1382.6,IGN
1382.8,IGN
1383,IGN
1383.2,IGN
1383.4,IGN
1383.6,IGN
1383.8,IGN
1384,IGN
1384.2,IGN
1384.4,IGN
1384.6,IGN
1384.8,IGN
1385,ST
1385.2,ST
1385.4,ST
1385.6,ST
1385.8,ST
1386,ST
1386.2,ST
1386.4,ST
1386.6,ST
1386.8,ST
1387,ST
1387.2,ST
1387.4,ST
1387.6,ST
1387.8,ST
1388,ST
1388.2,ST
1388.4,ST
1388.6,ST
1388.8,ST
1389,ST
1389.2,ST
1389.4,ST
1389.6,ST
1389.8,ST
1390,ST
1390.2,ST
1390.4,ST
1390.6,ST
1390.8,ST
1391,ST
1391.2,ST
1391.4,ST
1391.6,ST
1391.8,ST
1392,ST
1392.2,ST
1392.4,ST
1392.6,ST
1392.8,ST
1393,ST
1393.2,ST
1393.4,ST
1393.6,ST
1393.8,ST
1394,ST
1394.2,ST
1394.4,ST
1394.6,ST
1394.8,ST
1395,ST
1395.2,ST
1395.4,ST
1395.6,ST
1395.8,ST
1396,ST
1396.2,ST
1396.4,ST
1396.6,ST
1396.8,ST
1397,ST
1397.2,ST
1397.4,ST
1397.6,ST
1397.8,ST
1398,SH
1398.2,SH
1398.4,SH
1398.6,SH
1398.8,SH
1399,SH
1399.2,SH
1399.4,SH
1399.6,SH
1399.8,SH
1400,SH
1400.2,SH
1400.4,SH
1400.6,SH
1400.8,SH
1401,SH
1401.2,SH
1401.4,SH
1401.6,SH
1401.8,SH
1402,SH
1402.2,SH
1402.4,SH
1402.6,SH
1402.8,SH
1403,SH
1403.2,SH
1403.4,SH
1403.6,SH
1403.8,SH
1404,SH
1404.2,SH
1404.4,SH
1404.6,SH
1404.8,SH
1405,SH
1405.2,SH
1405.4,SH
1405.6,SH
1405.8,SH
1406,SH
1406.2,SH
1406.4,SH
1406.6,SH
1406.8,SH
1407,SH
1407.2,SH
1407.4,SH
1407.6,SH
1407.8,SH
1408,SH
1408.2,SH
1408.4,SH
1408.6,SH
1408.8,SH
1409,SH
1409.2,SH
1409.4,SH
1409.6,SH
1409.8,SH
1410,SH
1410.2,SH
1410.4,SH
1410.6,SH
1410.8,SH
1411,SH
1411.2,SH
1411.4,SH
1411.6,SH
1411.8,SH
1412,SH
1412.2,SH
1412.4,SH
1412.6,SH
1412.8,SH
1413,SH
1413.2,SH
1413.4,SH
1413.6,SH
1413.8,SH
1414,SH
1414.2,SH
1414.4,SH
1414.6,SH
1414.8,SH
1415,ST
1415.2,ST
1415.4,ST
1415.6,ST
1415.8,ST
1416,ST
1416.2,ST
1416.4,ST
1416.6,ST
1416.8,ST
1417,ST
1417.2,ST
1417.4,ST
1417.6,ST
1417.8,ST
1418,ST
1418.2,ST
1418.4,ST
1418.6,ST
1418.8,ST
1419,ST
1419.2,ST
1419.4,ST
1419.6,ST
1419.8,ST
1420,ST
1420.2,ST
1420.4,ST
1420.6,ST
1420.8,ST
1421,ST
1421.2,ST
1421.4,ST
1421.6,ST
1421.8,ST
1422,SH
1422.2,SH
1422.4,SH
1422.6,SH
1422.8,SH
1423,SH
1423.2,SH
1423.4,SH
1423.6,SH
1423.8,SH
1424,SH
1424.2,SH
1424.4,SH
1424.6,SH
1424.8,SH
1425,SH
1425.2,SH
1425.4,SH
1425.6,SH
1425.8,SH
1426,SH
1426.2,SH
1426.4,SH
1426.6,SH
1426.8,SH
1427,SS
1427.2,SS
1427.4,SS
1427.6,SS
1427.8,SS
1428,SS
1428.2,SS
1428.4,SS
1428.6,SS
1428.8,SS
1429,SS
1429.2,SS
1429.4,SS
1429.6,SS
1429.8,SS
1430,SS
1430.2,SS
1430.4,SS
1430.6,SS
1430.8,SS
1431,SS
1431.2,SS
1431.4,SS
1431.6,SS
1431.8,SS
1432,SS
1432.2,SS
1432.4,SS
1432.6,SS
1432.8,SS
1433,SS
1433.2,SS
1433.4,SS
1433.6,SS
1433.8,SS
1434,ST
1434.2,ST
1434.4,ST
1434.6,ST
1434.8,ST
1435,ST
1435.2,ST
1435.4,ST
1435.6,ST
1435.8,ST
1436,ST
1436.2,ST
1436.4,ST
1436.6,ST
1436.8,ST
1437,SH
1437.2,SH
1437.4,SH
1437.6,SH
1437.8,SH
1438,SH
1438.2,SH
1438.4,SH
1438.6,SH
1438.8,SH
1439,SS
1439.2,SS
1439.4,SS
1439.6,SS
1439.8,SS
1440,SS
1440.2,SS
1440.4,SS
1440.6,SS
1440.8,SS
1441,SS
1441.2,SS
1441.4,SS
1441.6,SS
1441.8,SS
1442,SS
1442.2,SS
1442.4,SS
1442.6,SS
1442.8,SS
1443,SS
1443.2,SS
1443.4,SS
1443.6,SS
1443.8,SS
1444,SS
1444.2,SS
1444.4,SS
1444.6,SS
1444.8,SS
1445,SS
1445.2,SS
1445.4,SS
1445.6,SS
1445.8,SS
1446,SS
1446.2,SS
1446.4,SS
1446.6,SS
1446.8,SS
1447,SS
1447.2,SS
1447.4,SS
1447.6,SS
1447.8,SS
1448,SS
1448.2,SS
1448.4,SS
1448.6,SS
1448.8,SS
1449,SS
1449.2,SS
1449.4,SS
1449.6,SS
1449.8,SS
1450,SS
1450.2,SS
1450.4,SS
1450.6,SS
1450.8,SS
1451,SS
1451.2,SS
1451.4,SS
1451.6,SS
1451.8,SS
1452,SS
1452.2,SS
1452.4,SS
1452.6,SS
1452.8,SS
1453,SS
1453.2,SS
1453.4,SS
1453.6,SS
1453.8,SS
1454,SS
1454.2,SS
1454.4,SS
1454.6,SS
1454.8,SS
1455,SS
1455.2,SS
1455.4,SS
1455.6,SS
1455.8,SS
1456,SS
1456.2,SS
1456.4,SS
1456.6,SS
1456.8,SS
1457,SS
1457.2,SS
1457.4,SS
1457.6,SS
1457.8,SS
1458,SS
1458.2,SS
1458.4,SS
1458.6,SS
1458.8,SS
1459,SS
1459.2,SS
1459.4,SS
1459.6,SS
1459.8,SS
1460,SS
1460.2,SS
1460.4,SS
1460.6,SS
1460.8,SS
1461,SS
1461.2,SS
1461.4,SS
1461.6,SS
1461.8,SS
1462,SS
1462.2,SS
1462.4,SS
1462.6,SS
1462.8,SS
1463,SS
1463.2,SS
1463.4,SS
1463.6,SS
1463.8,SS
1464,SS
1464.2,SS
1464.4,SS
1464.6,SS
1464.8,SS
1465,SS
1465.2,SS
1465.4,SS
1465.6,SS
1465.8,SS
1466,SS
1466.2,SS
1466.4,SS
1466.6,SS
1466.8,SS
1467,SS
1467.2,SS
1467.4,SS
1467.6,SS
1467.8,SS
1468,SS
1468.2,SS
1468.4,SS
1468.6,SS
1468.8,SS
1469,SS
1469.2,SS
1469.4,SS
1469.6,SS
1469.8,SS
1470,SS
1470.2,SS
1470.4,SS
1470.6,SS
1470.8,SS
1471,SS
1471.2,SS
1471.4,SS
1471.6,SS
1471.8,SS
1472,SS
1472.2,SS
1472.4,SS
1472.6,SS
1472.8,SS
1473,SS
1473.2,SS
1473.4,SS
1473.6,SS
1473.8,SS
1474,SS
1474.2,SS
1474.4,SS
1474.6,SS
1474.8,SS
1475,SS
1475.2,SS
1475.4,SS
1475.6,SS
1475.8,SS
1476,SS
1476.2,SS
1476.4,SS
1476.6,SS
1476.8,SS
1477,SS
1477.2,SS
1477.4,SS
1477.6,SS
1477.8,SS
1478,SS
1478.2,SS
1478.4,SS
1478.6,SS
1478.8,SS
1479,SS
1479.2,SS
1479.4,SS
1479.6,SS
1479.8,SS
1480,SS
1480.2,SS
1480.4,SS
1480.6,SS
1480.8,SS
1481,SS
1481.2,SS
1481.4,SS
1481.6,SS
1481.8,SS
1482,SS
1482.2,SS
1482.4,SS
1482.6,SS
1482.8,SS
1483,SS
1483.2,SS
1483.4,SS
1483.6,SS
1483.8,SS
1484,SS
1484.2,SS
1484.4,SS
1484.6,SS
1484.8,SS
1485,SS
1485.2,SS
1485.4,SS
1485.6,SS
1485.8,SS
1486,SS
1486.2,SS
1486.4,SS
1486.6,SS
1486.8,SS
1487,SS
1487.2,SS
1487.4,SS
1487.6,SS
1487.8,SS
1488,SS
1488.2,SS
1488.4,SS
1488.6,SS
1488.8,SS
1489,SS
1489.2,SS
1489.4,SS
1489.6,SS
1489.8,SS
1490,SS
1490.2,SS
1490.4,SS
1490.6,SS
1490.8,SS
1491,SS
1491.2,SS
1491.4,SS
1491.6,SS
1491.8,SS
1492,SS
1492.2,SS
1492.4,SS
1492.6,SS
1492.8,SS
1493,SS
1493.2,SS
1493.4,SS
1493.6,SS
1493.8,SS
1494,SS
1494.2,SS
1494.4,SS
1494.6,SS
1494.8,SS
1495,SS
1495.2,SS
1495.4,SS
1495.6,SS
1495.8,SS
1496,SS
1496.2,SS
1496.4,SS
1496.6,SS
1496.8,SS
1497,SS
1497.2,SS
1497.4,SS
1497.6,SS
1497.8,SS
1498,SS
1498.2,SS
1498.4,SS
1498.6,SS
1498.8,SS
1499,SS
1499.2,SS
1499.4,SS
1499.6,SS
1499.8,SS
1500,SS
1500.2,SS
1500.4,SS
1500.6,SS
1500.8,SS
1501,SS
1501.2,SS
1501.4,SS
1501.6,SS
1501.8,SS
1502,SS
1502.2,SS
1502.4,SS
1502.6,SS
1502.8,SS
1503,SS
1503.2,SS
1503.4,SS
1503.6,SS
1503.8,SS
1504,SS
1504.2,SS
1504.4,SS
1504.6,SS
1504.8,SS
1505,SS
1505.2,SS
1505.4,SS
1505.6,SS
1505.8,SS
1506,SS
1506.2,SS
1506.4,SS
1506.6,SS
1506.8,SS
1507,SS
1507.2,SS
1507.4,SS
1507.6,SS
1507.8,SS
1508,SS
1508.2,SS
1508.4,SS
1508.6,SS
1508.8,SS
1509,SS
1509.2,SS
1509.4,SS
1509.6,SS
1509.8,SS
1510,SS
1510.2,SS
1510.4,SS
1510.6,SS
1510.8,SS
1511,SS
1511.2,SS
1511.4,SS
1511.6,SS
1511.8,SS
1512,SS
1512.2,SS
1512.4,SS
1512.6,SS
1512.8,SS
1513,SS
1513.2,SS
1513.4,SS
1513.6,SS
1513.8,SS
1514,SS
1514.2,SS
1514.4,SS
1514.6,SS
1514.8,SS
1515,SS
1515.2,SS
1515.4,SS
1515.6,SS
1515.8,SS
1516,SS
1516.2,SS
1516.4,SS
1516.6,SS
1516.8,SS
1517,SS
1517.2,SS
1517.4,SS
1517.6,SS
1517.8,SS
1518,SS
1518.2,SS
1518.4,SS
1518.6,SS
1518.8,SS
1519,SS
1519.2,SS
1519.4,SS
1519.6,SS
1519.8,SS
1520,SS
1520.2,SS
1520.4,SS
1520.6,SS
1520.8,SS
1521,SS
1521.2,SS
1521.4,SS
1521.6,SS
1521.8,SS
1522,SS
1522.2,SS
1522.4,SS
1522.6,SS
1522.8,SS
1523,SS
1523.2,SS
1523.4,SS
1523.6,SS
1523.8,SS
1524,SS
1524.2,SS
1524.4,SS
1524.6,SS
1524.8,SS
1525,SS
1525.2,SS
1525.4,SS
1525.6,SS
1525.8,SS
1526,SS
1526.2,SS
1526.4,SS
1526.6,SS
1526.8,SS
1527,SS
1527.2,SS
1527.4,SS
1527.6,SS
1527.8,SS
1528,SS
1528.2,SS
1528.4,SS
1528.6,SS
1528.8,SS
1529,SS
1529.2,SS
1529.4,SS
1529.6,SS
1529.8,SS
1530,SS
1530.2,SS
1530.4,SS
1530.6,SS
1530.8,SS
1531,SS
1531.2,SS
1531.4,SS
1531.6,SS
1531.8,SS
1532,SS
1532.2,SS
1532.4,SS
1532.6,SS
1532.8,SS
1533,SS
1533.2,SS
1533.4,SS
1533.6,SS
1533.8,SS
1534,SS
1534.2,SS
1534.4,SS
1534.6,SS
1534.8,SS
1535,SS
1535.2,SS
1535.4,SS
1535.6,SS
1535.8,SS
1536,SS
1536.2,SS
1536.4,SS
1536.6,SS
1536.8,SS
1537,SS
1537.2,SS
1537.4,SS
1537.6,SS
1537.8,SS
1538,SS
1538.2,SS
1538.4,SS
1538.6,SS
1538.8,SS
1539,SS
1539.2,SS
1539.4,SS
1539.6,SS
1539.8,SS
1540,SS
1540.2,SS
1540.4,SS
1540.6,SS
1540.8,SS
1541,SS
1541.2,SS
1541.4,SS
1541.6,SS
1541.8,SS
1542,SS
1542.2,SS
1542.4,SS
1542.6,SS
1542.8,SS
1543,SS
1543.2,SS
1543.4,SS
1543.6,SS
1543.8,SS
1544,SS
1544.2,SS
1544.4,SS
1544.6,SS
1544.8,SS
1545,SS
1545.2,SS
1545.4,SS
1545.6,SS
1545.8,SS
1546,SS
1546.2,SS
1546.4,SS
1546.6,SS
1546.8,SS
1547,SS
1547.2,SS
1547.4,SS
1547.6,SS
1547.8,SS
1548,SS
1548.2,SS
1548.4,SS
1548.6,SS
1548.8,SS
1549,SS
1549.2,SS
1549.4,SS
1549.6,SS
1549.8,SS
1550,SS
1550.2,SS
1550.4,SS
1550.6,SS
1550.8,SS
1551,SS
1551.2,SS
1551.4,SS
1551.6,SS
1551.8,SS
1552,SS
1552.2,SS
1552.4,SS
1552.6,SS
1552.8,SS
1553,SS
1553.2,SS
1553.4,SS
1553.6,SS
1553.8,SS
1554,SS
1554.2,SS
1554.4,SS
1554.6,SS
1554.8,SS
1555,SS
1555.2,SS
1555.4,SS
1555.6,SS
1555.8,SS
1556,SS
1556.2,SS
1556.4,SS
1556.6,SS
1556.8,SS
1557,SS
1557.2,SS
1557.4,SS
1557.6,SS
1557.8,SS
1558,SS
1558.2,SS
1558.4,SS
1558.6,SS
1558.8,SS
1559,SS
1559.2,SS
1559.4,SS
1559.6,SS
1559.8,SS
1560,SS
1560.2,SS
1560.4,SS
1560.6,SS
1560.8,SS
1561,SS
1561.2,SS
1561.4,SS
1561.6,SS
1561.8,SS
1562,SS
1562.2,SS
1562.4,SS
1562.6,SS
1562.8,SS
1563,SS
1563.2,SS
1563.4,SS
1563.6,SS
1563.8,SS
1564,SS
1564.2,SS
1564.4,SS
1564.6,SS
1564.8,SS
1565,SS
1565.2,SS
1565.4,SS
1565.6,SS
1565.8,SS
1566,SS
1566.2,SS
1566.4,SS
1566.6,SS
1566.8,SS
1567,SS
1567.2,SS
1567.4,SS
1567.6,SS
1567.8,SS
1568,SS
1568.2,SS
1568.4,SS
1568.6,SS
1568.8,SS
1569,SS
1569.2,SS
1569.4,SS
1569.6,SS
1569.8,SS
1570,SS
1570.2,SS
1570.4,SS
1570.6,SS
1570.8,SS
1571,SS
1571.2,SS
1571.4,SS
1571.6,SS
1571.8,SS
1572,SS
1572.2,SS
1572.4,SS
1572.6,SS
1572.8,SS
1573,SS
1573.2,SS
1573.4,SS
1573.6,SS
1573.8,SS
1574,SS
1574.2,SS
1574.4,SS
1574.6,SS
1574.8,SS
1575,SS
1575.2,SS
1575.4,SS
1575.6,SS
1575.8,SS
1576,SS
1576.2,SS
1576.4,SS
1576.6,SS
1576.8,SS
1577,SS
1577.2,SS
1577.4,SS
1577.6,SS
1577.8,SS
1578,SS
1578.2,SS
1578.4,SS
1578.6,SS
1578.8,SS
1579,SS
1579.2,SS
1579.4,SS
1579.6,SS
1579.8,SS
1580,SS
1580.2,SS
1580.4,SS
1580.6,SS
1580.8,SS
1581,SS
1581.2,SS
1581.4,SS
1581.6,SS
1581.8,SS
1582,SS
1582.2,SS
1582.4,SS
1582.6,SS
1582.8,SS
1583,SS
1583.2,SS
1583.4,SS
1583.6,SS
1583.8,SS
1584,SS
1584.2,SS
1584.4,SS
1584.6,SS
1584.8,SS
1585,SS
1585.2,SS
1585.4,SS
1585.6,SS
1585.8,SS
1586,SS
1586.2,SS
1586.4,SS
1586.6,SS
1586.8,SS
1587,SS
1587.2,SS
1587.4,SS
1587.6,SS
1587.8,SS
1588,SS
1588.2,SS
1588.4,SS
1588.6,SS
1588.8,SS
1589,SS
1589.2,SS
1589.4,SS
1589.6,SS
1589.8,SS
1590,SS
1590.2,SS
1590.4,SS
1590.6,SS
1590.8,SS
1591,SS
1591.2,SS
1591.4,SS
1591.6,SS
1591.8,SS
1592,SS
1592.2,SS
1592.4,SS
1592.6,SS
1592.8,SS
1593,SS
1593.2,SS
1593.4,SS
1593.6,SS
1593.8,SS
1594,SS
1594.2,SS
1594.4,SS
1594.6,SS
1594.8,SS
1595,SS
1595.2,SS
1595.4,SS
1595.6,SS
1595.8,SS
1596,SS
1596.2,SS
1596.4,SS
1596.6,SS
1596.8,SS
1597,SS
1597.2,SS
1597.4,SS
1597.6,SS
1597.8,SS
1598,SS
1598.2,SS
1598.4,SS
1598.6,SS
1598.8,SS
1599,SS
1599.2,SS
1599.4,SS
1599.6,SS
1599.8,SS
1600,SS
1600.2,SS
1600.4,SS
1600.6,SS
1600.8,SS
1601,SS
1601.2,SS
1601.4,SS
1601.6,SS
1601.8,SS
1602,SS
1602.2,SS
1602.4,SS
1602.6,SS
1602.8,SS
1603,SS
1603.2,SS
1603.4,SS
1603.6,SS
1603.8,SS
1604,SS
1604.2,SS
1604.4,SS
1604.6,SS
1604.8,SS
1605,SS
1605.2,SS
1605.4,SS
1605.6,SS
1605.8,SS
1606,SS
1606.2,SS
1606.4,SS
1606.6,SS
1606.8,SS
1607,SS
1607.2,SS
1607.4,SS
1607.6,SS
1607.8,SS
1608,SS
1608.2,SS
1608.4,SS
1608.6,SS
1608.8,SS
1609,SS
1609.2,SS
1609.4,SS
1609.6,SS
1609.8,SS
1610,SS
1610.2,SS
1610.4,SS
1610.6,SS
1610.8,SS
1611,SS
1611.2,SS
1611.4,SS
1611.6,SS
1611.8,SS
1612,SS
1612.2,SS
1612.4,SS
1612.6,SS
1612.8,SS
1613,SS
1613.2,SS
1613.4,SS
1613.6,SS
1613.8,SS
1614,SS
1614.2,SS
1614.4,SS
1614.6,SS
1614.8,SS
1615,SS
1615.2,SS
1615.4,SS
1615.6,SS
1615.8,SS
1616,SS
1616.2,SS
1616.4,SS
1616.6,SS
1616.8,SS
1617,SS
1617.2,SS
1617.4,SS
1617.6,SS
1617.8,SS
1618,SS
1618.2,SS
1618.4,SS
1618.6,SS
1618.8,SS
1619,SS
1619.2,SS
1619.4,SS
1619.6,SS
1619.8,SS
1620,SS
1620.2,SS
1620.4,SS
1620.6,SS
1620.8,SS
1621,SS
1621.2,SS
1621.4,SS
1621.6,SS
1621.8,SS
1622,SS
1622.2,SS
1622.4,SS
1622.6,SS
1622.8,SS
1623,SS
1623.2,SS
1623.4,SS
1623.6,SS
1623.8,SS
1624,SS
1624.2,SS
1624.4,SS
1624.6,SS
1624.8,SS
1625,SS
1625.2,SS
1625.4,SS
1625.6,SS
1625.8,SS
1626,SS
1626.2,SS
1626.4,SS
1626.6,SS
1626.8,SS
1627,SS
1627.2,SS
1627.4,SS
1627.6,SS
1627.8,SS
1628,SS
1628.2,SS
1628.4,SS
1628.6,SS
1628.8,SS
1629,SS
1629.2,SS
1629.4,SS
1629.6,SS
1629.8,SS
1630,SS
1630.2,SS
1630.4,SS
1630.6,SS
1630.8,SS
1631,SS
1631.2,SS
1631.4,SS
1631.6,SS
1631.8,SS
1632,SS
1632.2,SS
1632.4,SS
1632.6,SS
1632.8,SS
1633,SS
1633.2,SS
1633.4,SS
1633.6,SS
1633.8,SS
1634,SS
1634.2,SS
1634.4,SS
1634.6,SS
1634.8,SS
1635,SS
1635.2,SS
1635.4,SS
1635.6,SS
1635.8,SS
1636,SS
1636.2,SS
1636.4,SS
1636.6,SS
1636.8,SS
1637,IGN
1637.2,IGN
1637.4,IGN
1637.6,IGN
1637.8,IGN
1638,IGN
1638.2,IGN
1638.4,IGN
1638.6,IGN
1638.8,IGN
1639,IGN
1639.2,IGN
1639.4,IGN
1639.6,IGN
1639.8,IGN
1640,IGN
1640.2,IGN
1640.4,IGN
1640.6,IGN
1640.8,IGN
1641,IGN
1641.2,IGN
1641.4,IGN
1641.6,IGN
1641.8,IGN
1642,IGN
1642.2,IGN
1642.4,IGN
1642.6,IGN
1642.8,IGN
1643,IGN
1643.2,IGN
1643.4,IGN
1643.6,IGN
1643.8,IGN
1644,IGN
1644.2,IGN
1644.4,IGN
1644.6,IGN
1644.8,IGN
1645,IGN
1645.2,IGN
1645.4,IGN
1645.6,IGN
1645.8,IGN
1646,IGN
1646.2,IGN
1646.4,IGN
1646.6,IGN
1646.8,IGN
1647,IGN
1647.2,IGN
1647.4,IGN
1647.6,IGN
1647.8,IGN
1648,IGN
1648.2,IGN
1648.4,IGN
1648.6,IGN
1648.8,IGN
1649,IGN
1649.2,IGN
1649.4,IGN
1649.6,IGN
1649.8,IGN
1650,IGN
1650.2,IGN
1650.4,IGN
1650.6,IGN
1650.8,IGN
1651,IGN
1651.2,IGN
1651.4,IGN
1651.6,IGN
1651.8,IGN
1652,IGN
1652.2,IGN
1652.4,IGN
1652.6,IGN
1652.8,IGN
1653,IGN
1653.2,IGN
1653.4,IGN
1653.6,IGN
1653.8,IGN
1654,IGN
1654.2,IGN
1654.4,IGN
1654.6,IGN
1654.8,IGN
1655,IGN
1655.2,IGN
1655.4,IGN
1655.6,IGN
1655.8,IGN
1656,IGN
1656.2,IGN
1656.4,IGN
1656.6,IGN
1656.8,IGN
1657,IGN
1657.2,IGN
1657.4,IGN
1657.6,IGN
1657.8,IGN
1658,IGN
1658.2,IGN
1658.4,IGN
1658.6,IGN
1658.8,IGN
1659,IGN
1659.2,IGN
1659.4,IGN
1659.6,IGN
1659.8,IGN
1660,IGN
1660.2,IGN
1660.4,IGN
1660.6,IGN
1660.8,IGN
1661,IGN
1661.2,IGN
1661.4,IGN
1661.6,IGN
1661.8,IGN
1662,IGN
1662.2,IGN
1662.4,IGN
1662.6,IGN
1662.8,IGN
1663,IGN
1663.2,IGN
1663.4,IGN
1663.6,IGN
1663.8,IGN
1664,IGN
1664.2,IGN
1664.4,IGN
1664.6,IGN
1664.8,IGN
1665,IGN
1665.2,IGN
1665.4,IGN
1665.6,IGN
1665.8,IGN
1666,IGN
1666.2,IGN
1666.4,IGN
1666.6,IGN
1666.8,IGN
1667,IGN
1667.2,IGN
1667.4,IGN
1667.6,IGN
1667.8,IGN
1668,IGN
1668.2,IGN
1668.4,IGN
1668.6,IGN
1668.8,IGN
1669,IGN
1669.2,IGN
1669.4,IGN
1669.6,IGN
1669.8,IGN
1670,IGN
1670.2,IGN
1670.4,IGN
1670.6,IGN
1670.8,IGN
1671,IGN
1671.2,IGN
1671.4,IGN
1671.6,IGN
1671.8,IGN
1672,IGN
1672.2,IGN
1672.4,IGN
1672.6,IGN
1672.8,IGN
1673,IGN
1673.2,IGN
1673.4,IGN
1673.6,IGN
1673.8,IGN
1674,IGN
1674.2,IGN
1674.4,IGN
1674.6,IGN
1674.8,IGN
1675,IGN
1675.2,IGN
1675.4,IGN
1675.6,IGN
1675.8,IGN
1676,IGN
1676.2,IGN
1676.4,IGN
1676.6,IGN
1676.8,IGN
1677,IGN
1677.2,IGN
1677.4,IGN
1677.6,IGN
1677.8,IGN
1678,IGN
1678.2,IGN
1678.4,IGN
1678.6,IGN
1678.8,IGN
1679,IGN
1679.2,IGN
1679.4,IGN
1679.6,IGN
1679.8,IGN
1680,IGN
1680.2,IGN
1680.4,IGN
1680.6,IGN
1680.8,IGN
1681,IGN
1681.2,IGN
1681.4,IGN
1681.6,IGN
1681.8,IGN
1682,IGN
1682.2,IGN
1682.4,IGN
1682.6,IGN
1682.8,IGN
1683,IGN
1683.2,IGN
1683.4,IGN
1683.6,IGN
1683.8,IGN
1684,IGN
1684.2,IGN
1684.4,IGN
1684.6,IGN
1684.8,IGN
1685,IGN
1685.2,IGN
1685.4,IGN
1685.6,IGN
1685.8,IGN
1686,IGN
1686.2,IGN
1686.4,IGN
1686.6,IGN
1686.8,IGN
1687,IGN
1687.2,IGN
1687.4,IGN
1687.6,IGN
1687.8,IGN
1688,IGN
1688.2,IGN
1688.4,IGN
1688.6,IGN
1688.8,IGN
1689,IGN
1689.2,IGN
1689.4,IGN
1689.6,IGN
1689.8,IGN
1690,IGN
1690.2,IGN
1690.4,IGN
1690.6,IGN
1690.8,IGN
1691,IGN
1691.2,IGN
1691.4,IGN
1691.6,IGN
1691.8,IGN
1692,IGN
1692.2,IGN
1692.4,IGN
1692.6,IGN
1692.8,IGN
1693,IGN
1693.2,IGN
1693.4,IGN
1693.6,IGN
1693.8,IGN
1694,IGN
1694.2,IGN
1694.4,IGN
1694.6,IGN
1694.8,IGN
1695,IGN
1695.2,IGN
1695.4,IGN
1695.6,IGN
1695.8,IGN
1696,IGN
1696.2,IGN
1696.4,IGN
1696.6,IGN
1696.8,IGN
1697,IGN
1697.2,IGN
1697.4,IGN
1697.6,IGN
1697.8,IGN
1698,IGN
1698.2,IGN
1698.4,IGN
1698.6,IGN
1698.8,IGN
1699,IGN
1699.2,IGN
1699.4,IGN
1699.6,IGN
1699.8,IGN
1700,IGN
1700.2,IGN
1700.4,IGN
1700.6,IGN
1700.8,IGN
1701,IGN
1701.2,IGN
1701.4,IGN
1701.6,IGN
1701.8,IGN
1702,IGN
1702.2,IGN
1702.4,IGN
1702.6,IGN
1702.8,IGN
1703,IGN
1703.2,IGN
1703.4,IGN
1703.6,IGN
1703.8,IGN
1704,IGN
1704.2,IGN
1704.4,IGN
1704.6,IGN
1704.8,IGN
1705,IGN
1705.2,IGN
1705.4,IGN
1705.6,IGN
1705.8,IGN
1706,IGN
1706.2,IGN
1706.4,IGN
1706.6,IGN
1706.8,IGN
1707,IGN
1707.2,IGN
1707.4,IGN
1707.6,IGN
1707.8,IGN
1708,IGN
1708.2,IGN
1708.4,IGN
1708.6,IGN
1708.8,IGN
1709,IGN
1709.2,IGN
1709.4,IGN
1709.6,IGN
1709.8,IGN
1710,IGN
1710.2,IGN
1710.4,IGN
1710.6,IGN
1710.8,IGN
1711,IGN
1711.2,IGN
1711.4,IGN
1711.6,IGN
1711.8,IGN
1712,IGN
1712.2,IGN
1712.4,IGN
1712.6,IGN
1712.8,IGN
1713,IGN
1713.2,IGN
1713.4,IGN
1713.6,IGN
1713.8,IGN
1714,IGN
1714.2,IGN
1714.4,IGN
1714.6,IGN
1714.8,IGN
1715,IGN
1715.2,IGN
1715.4,IGN
1715.6,IGN
1715.8,IGN
1716,IGN
1716.2,IGN
1716.4,IGN
1716.6,IGN
1716.8,IGN
1717,IGN
1717.2,IGN
1717.4,IGN
1717.6,IGN
1717.8,IGN
1718,IGN
1718.2,IGN
1718.4,IGN
1718.6,IGN
1718.8,IGN
1719,IGN
1719.2,IGN
1719.4,IGN
1719.6,IGN
1719.8,IGN
1720,IGN
1720.2,IGN
1720.4,IGN
1720.6,IGN
1720.8,IGN
1721,IGN
1721.2,IGN
1721.4,IGN
1721.6,IGN
1721.8,IGN
1722,IGN
1722.2,IGN
1722.4,IGN
1722.6,IGN
1722.8,IGN
1723,IGN
1723.2,IGN
1723.4,IGN
1723.6,IGN
1723.8,IGN
1724,IGN
1724.2,IGN
1724.4,IGN
1724.6,IGN
1724.8,IGN
1725,IGN
1725.2,IGN
1725.4,IGN
1725.6,IGN
1725.8,IGN
1726,IGN
1726.2,IGN
1726.4,IGN
1726.6,IGN
1726.8,IGN
1727,IGN
1727.2,IGN
1727.4,IGN
1727.6,IGN
1727.8,IGN
1728,IGN
1728.2,IGN
1728.4,IGN
1728.6,IGN
1728.8,IGN
1729,IGN
1729.2,IGN
1729.4,IGN
1729.6,IGN
1729.8,IGN
1730,IGN
1730.2,IGN
1730.4,IGN
1730.6,IGN
1730.8,IGN
1731,IGN
1731.2,IGN
1731.4,IGN
1731.6,IGN
1731.8,IGN
1732,IGN
1732.2,IGN
1732.4,IGN
1732.6,IGN
1732.8,IGN
1733,IGN
1733.2,IGN
1733.4,IGN
1733.6,IGN
1733.8,IGN
1734,IGN
1734.2,IGN
1734.4,IGN
1734.6,IGN
1734.8,IGN
1735,IGN
1735.2,IGN
1735.4,IGN
1735.6,IGN
1735.8,IGN
1736,IGN
1736.2,IGN
1736.4,IGN
1736.6,IGN
1736.8,IGN
1737,IGN
1737.2,IGN
1737.4,IGN
1737.6,IGN
1737.8,IGN
1738,IGN
1738.2,IGN
1738.4,IGN
1738.6,IGN
1738.8,IGN
1739,IGN
1739.2,IGN
1739.4,IGN
1739.6,IGN
1739.8,IGN
1740,IGN
1740.2,IGN
1740.4,IGN
1740.6,IGN
1740.8,IGN
1741,IGN
1741.2,IGN
1741.4,IGN
1741.6,IGN
1741.8,IGN
1742,IGN
1742.2,IGN
1742.4,IGN
1742.6,IGN
1742.8,IGN
1743,IGN
1743.2,IGN
1743.4,IGN
1743.6,IGN
1743.8,IGN
1744,IGN
1744.2,IGN
1744.4,IGN
1744.6,IGN
1744.8,IGN
1745,IGN
1745.2,IGN
1745.4,IGN
1745.6,IGN
1745.8,IGN
1746,IGN
1746.2,IGN
1746.4,IGN
1746.6,IGN
1746.8,IGN
1747,IGN
1747.2,IGN
1747.4,IGN
1747.6,IGN
1747.8,IGN
1748,IGN
1748.2,IGN
1748.4,IGN
1748.6,IGN
1748.8,IGN
1749,IGN
1749.2,IGN
1749.4,IGN
1749.6,IGN
1749.8,IGN
1750,IGN
1750.2,IGN
1750.4,IGN
1750.6,IGN
1750.8,IGN
1751,IGN
1751.2,IGN
1751.4,IGN
1751.6,IGN
1751.8,IGN
1752,IGN
1752.2,IGN
1752.4,IGN
1752.6,IGN
1752.8,IGN
1753,IGN
1753.2,IGN
1753.4,IGN
1753.6,IGN
1753.8,IGN
1754,IGN
1754.2,IGN
1754.4,IGN
1754.6,IGN
1754.8,IGN
1755,IGN
1755.2,IGN
1755.4,IGN
1755.6,IGN
1755.8,IGN
1756,IGN
1756.2,IGN
1756.4,IGN
1756.6,IGN
1756.8,IGN
1757,IGN
1757.2,IGN
1757.4,IGN
1757.6,IGN
1757.8,IGN
1758,IGN
1758.2,IGN
1758.4,IGN
1758.6,IGN
1758.8,IGN
1759,IGN
1759.2,IGN
1759.4,IGN
1759.6,IGN
1759.8,IGN
1760,IGN
1760.2,IGN
1760.4,IGN
1760.6,IGN
1760.8,IGN
1761,IGN
1761.2,IGN
1761.4,IGN
1761.6,IGN
1761.8,IGN
1762,IGN
1762.2,IGN
1762.4,IGN
1762.6,IGN
1762.8,IGN
1763,IGN
1763.2,IGN
1763.4,IGN
1763.6,IGN
1763.8,IGN
1764,IGN
1764.2,IGN
1764.4,IGN
1764.6,IGN
1764.8,IGN
1765,IGN
1765.2,IGN
1765.4,IGN
1765.6,IGN
1765.8,IGN
1766,IGN
1766.2,IGN
1766.4,IGN
1766.6,IGN
1766.8,IGN
1767,IGN
1767.2,IGN
1767.4,IGN
1767.6,IGN
1767.8,IGN
1768,IGN
1768.2,IGN
1768.4,IGN
1768.6,IGN
1768.8,IGN
1769,IGN
1769.2,IGN
1769.4,IGN
1769.6,IGN
1769.8,IGN
1770,IGN
1770.2,IGN
1770.4,IGN
1770.6,IGN
1770.8,IGN
1771,IGN
1771.2,IGN
1771.4,IGN
1771.6,IGN
1771.8,IGN
1772,IGN
1772.2,IGN
1772.4,IGN
1772.6,IGN
1772.8,IGN
1773,IGN
1773.2,IGN
1773.4,IGN
1773.6,IGN
1773.8,IGN
1774,IGN
1774.2,IGN
1774.4,IGN
1774.6,IGN
1774.8,IGN
1775,IGN
1775.2,IGN
1775.4,IGN
1775.6,IGN
1775.8,IGN
1776,IGN
1776.2,IGN
1776.4,IGN
1776.6,IGN
1776.8,IGN
1777,IGN
1777.2,IGN
1777.4,IGN
1777.6,IGN
1777.8,IGN
1778,IGN
1778.2,IGN
1778.4,IGN
1778.6,IGN
1778.8,IGN
1779,IGN
1779.2,IGN
1779.4,IGN
1779.6,IGN
1779.8,IGN
1780,IGN
1780.2,IGN
1780.4,IGN
1780.6,IGN
1780.8,IGN
1781,IGN
1781.2,IGN
1781.4,IGN
1781.6,IGN
1781.8,IGN
1782,IGN
1782.2,IGN
1782.4,IGN
1782.6,IGN
1782.8,IGN
1783,IGN
1783.2,IGN
1783.4,IGN
1783.6,IGN
1783.8,IGN
1784,IGN
1784.2,IGN
1784.4,IGN
1784.6,IGN
1784.8,IGN
1785,IGN
1785.2,IGN
1785.4,IGN
1785.6,IGN
1785.8,IGN
1786,IGN
1786.2,IGN
1786.4,IGN
1786.6,IGN
1786.8,IGN
1787,IGN
1787.2,IGN
1787.4,IGN
1787.6,IGN
1787.8,IGN
1788,IGN
1788.2,IGN
1788.4,IGN
1788.6,IGN
1788.8,IGN
1789,IGN
1789.2,IGN
1789.4,IGN
1789.6,IGN
1789.8,IGN
1790,IGN
1790.2,IGN
1790.4,IGN
1790.6,IGN
1790.8,IGN
1791,IGN
1791.2,IGN
1791.4,IGN
1791.6,IGN
1791.8,IGN
1792,IGN
1792.2,IGN
1792.4,IGN
1792.6,IGN
1792.8,IGN
1793,IGN
1793.2,IGN
1793.4,IGN
1793.6,IGN
1793.8,IGN
1794,IGN
1794.2,IGN
1794.4,IGN
1794.6,IGN
1794.8,IGN
1795,IGN
1795.2,IGN
1795.4,IGN
1795.6,IGN
1795.8,IGN
1796,IGN
1796.2,IGN
1796.4,IGN
1796.6,IGN
1796.8,IGN
1797,IGN
1797.2,IGN
1797.4,IGN
1797.6,IGN
1797.8,IGN
1798,IGN
1798.2,IGN
1798.4,IGN
1798.6,IGN
1798.8,IGN
1799,IGN
1799.2,IGN
1799.4,IGN
1799.6,IGN
1799.8,IGN
1800,IGN
1800.2,IGN
1800.4,IGN
1800.6,IGN
1800.8,IGN
1801,IGN
1801.2,IGN
1801.4,IGN
1801.6,IGN
1801.8,IGN
1802,IGN
1802.2,IGN
1802.4,IGN
1802.6,IGN
1802.8,IGN
1803,IGN
1803.2,IGN
1803.4,IGN
1803.6,IGN
1803.8,IGN
1804,IGN
1804.2,IGN
1804.4,IGN
1804.6,IGN
1804.8,IGN
1805,IGN
1805.2,IGN
1805.4,IGN
1805.6,IGN
1805.8,IGN
1806,IGN
1806.2,IGN
1806.4,IGN
1806.6,IGN
1806.8,IGN
1807,IGN
1807.2,IGN
1807.4,IGN
1807.6,IGN
1807.8,IGN
1808,IGN
1808.2,IGN
1808.4,IGN
1808.6,IGN
1808.8,IGN
1809,IGN
1809.2,IGN
1809.4,IGN
1809.6,IGN
1809.8,IGN
1810,IGN
1810.2,IGN
1810.4,IGN
1810.6,IGN
1810.8,IGN
1811,IGN
1811.2,IGN
1811.4,IGN
1811.6,IGN
1811.8,IGN
1812,IGN
1812.2,IGN
1812.4,IGN
1812.6,IGN
1812.8,IGN
1813,IGN
1813.2,IGN
1813.4,IGN
1813.6,IGN
1813.8,IGN
1814,IGN
1814.2,IGN
1814.4,IGN
1814.6,IGN
1814.8,IGN
1815,IGN
1815.2,IGN
1815.4,IGN
1815.6,IGN
1815.8,IGN
1816,IGN
1816.2,IGN
1816.4,IGN
1816.6,IGN
1816.8,IGN
1817,IGN
1817.2,IGN
1817.4,IGN
1817.6,IGN
1817.8,IGN
1818,IGN
1818.2,IGN
1818.4,IGN
1818.6,IGN
1818.8,IGN
1819,IGN
1819.2,IGN
1819.4,IGN
1819.6,IGN
1819.8,IGN
1820,IGN
1820.2,IGN
1820.4,IGN
1820.6,IGN
1820.8,IGN
1821,IGN
1821.2,IGN
1821.4,IGN
1821.6,IGN
1821.8,IGN
1822,IGN
1822.2,IGN
1822.4,IGN
1822.6,IGN
1822.8,IGN
1823,IGN
1823.2,IGN
1823.4,IGN
1823.6,IGN
1823.8,IGN
1824,IGN
1824.2,IGN
1824.4,IGN
1824.6,IGN
1824.8,IGN
1825,IGN
1825.2,IGN
1825.4,IGN
1825.6,IGN
1825.8,IGN
1826,IGN
1826.2,IGN
1826.4,IGN
1826.6,IGN
1826.8,IGN
1827,IGN
1827.2,IGN
1827.4,IGN
1827.6,IGN
1827.8,IGN
1828,IGN
1828.2,IGN
1828.4,IGN
1828.6,IGN
1828.8,IGN
1829,IGN
1829.2,IGN
1829.4,IGN
1829.6,IGN
1829.8,IGN
1830,IGN
1830.2,IGN
1830.4,IGN
1830.6,IGN
1830.8,IGN
1831,IGN
1831.2,IGN
1831.4,IGN
1831.6,IGN
1831.8,IGN
1832,IGN
1832.2,IGN
1832.4,IGN
1832.6,IGN
1832.8,IGN
1833,IGN
1833.2,IGN
1833.4,IGN
1833.6,IGN
1833.8,IGN
1834,IGN
1834.2,IGN
1834.4,IGN
1834.6,IGN
1834.8,IGN
1835,IGN
1835.2,IGN
1835.4,IGN
1835.6,IGN
1835.8,IGN
1836,IGN
1836.2,IGN
1836.4,IGN
1836.6,IGN
1836.8,IGN
1837,IGN
1837.2,IGN
1837.4,IGN
1837.6,IGN
1837.8,IGN
1838,IGN
1838.2,IGN
1838.4,IGN
1838.6,IGN
1838.8,IGN
1839,IGN
1839.2,IGN
1839.4,IGN
1839.6,IGN
1839.8,IGN
1840,IGN
1840.2,IGN
1840.4,IGN
1840.6,IGN
1840.8,IGN
1841,IGN
1841.2,IGN
1841.4,IGN
1841.6,IGN
1841.8,IGN
1842,IGN
1842.2,IGN
1842.4,IGN
1842.6,IGN
1842.8,IGN
1843,IGN
1843.2,IGN
1843.4,IGN
1843.6,IGN
1843.8,IGN
1844,IGN
1844.2,IGN
1844.4,IGN
1844.6,IGN
1844.8,IGN
1845,IGN
1845.2,IGN
1845.4,IGN
1845.6,IGN
1845.8,IGN
1846,IGN
1846.2,IGN
1846.4,IGN
1846.6,IGN
1846.8,IGN
1847,IGN
1847.2,IGN
1847.4,IGN
1847.6,IGN
1847.8,IGN
1848,IGN
1848.2,IGN
1848.4,IGN
1848.6,IGN
1848.8,IGN
1849,IGN
1849.2,IGN
1849.4,IGN
1849.6,IGN
1849.8,IGN
1850,IGN
1850.2,IGN
1850.4,IGN
1850.6,IGN
1850.8,IGN
1851,IGN
1851.2,IGN
1851.4,IGN
1851.6,IGN
1851.8,IGN
1852,IGN
1852.2,IGN
1852.4,IGN
1852.6,IGN
1852.8,IGN
1853,IGN
1853.2,IGN
1853.4,IGN
1853.6,IGN
1853.8,IGN
1854,IGN
1854.2,IGN
1854.4,IGN
1854.6,IGN
1854.8,IGN
1855,IGN
1855.2,IGN
1855.4,IGN
1855.6,IGN
1855.8,IGN
1856,IGN
1856.2,IGN
1856.4,IGN
1856.6,IGN
1856.8,IGN
1857,IGN
1857.2,IGN
1857.4,IGN
1857.6,IGN
1857.8,IGN
1858,IGN
1858.2,IGN
1858.4,IGN
1858.6,IGN
1858.8,IGN
1859,IGN
1859.2,IGN
1859.4,IGN
1859.6,IGN
1859.8,IGN
1860,IGN
1860.2,IGN
1860.4,IGN
1860.6,IGN
1860.8,IGN
1861,IGN
1861.2,IGN
1861.4,IGN
1861.6,IGN
1861.8,IGN
1862,IGN
1862.2,IGN
1862.4,IGN
1862.6,IGN
1862.8,IGN
1863,IGN
1863.2,IGN
1863.4,IGN
1863.6,IGN
1863.8,IGN
1864,IGN
1864.2,IGN
1864.4,IGN
1864.6,IGN
1864.8,IGN
1865,IGN
1865.2,IGN
1865.4,IGN
1865.6,IGN
1865.8,IGN
1866,IGN
1866.2,IGN
1866.4,IGN
1866.6,IGN
1866.8,IGN
1867,IGN
1867.2,IGN
1867.4,IGN
1867.6,IGN
1867.8,IGN
1868,IGN
1868.2,IGN
1868.4,IGN
1868.6,IGN
1868.8,IGN
1869,IGN
1869.2,IGN
1869.4,IGN
1869.6,IGN
1869.8,IGN
1870,IGN
1870.2,IGN
1870.4,IGN
1870.6,IGN
1870.8,IGN
1871,IGN
1871.2,IGN
1871.4,IGN
1871.6,IGN
1871.8,IGN
1872,IGN
1872.2,IGN
1872.4,IGN
1872.6,IGN
1872.8,IGN
1873,IGN
1873.2,IGN
1873.4,IGN
1873.6,IGN
1873.8,IGN
1874,IGN
1874.2,IGN
1874.4,IGN
1874.6,IGN
1874.8,IGN
1875,IGN
1875.2,IGN
1875.4,IGN
1875.6,IGN
1875.8,IGN
1876,IGN
1876.2,IGN
1876.4,IGN
1876.6,IGN
1876.8,IGN
1877,IGN
1877.2,IGN
1877.4,IGN
1877.6,IGN
1877.8,IGN
1878,IGN
1878.2,IGN
1878.4,IGN
1878.6,IGN
1878.8,IGN
1879,IGN
1879.2,IGN
1879.4,IGN
1879.6,IGN
1879.8,IGN
1880,IGN
1880.2,IGN
1880.4,IGN
1880.6,IGN
1880.8,IGN
1881,IGN
1881.2,IGN
1881.4,IGN
1881.6,IGN
1881.8,IGN
1882,IGN
1882.2,IGN
1882.4,IGN
1882.6,IGN
1882.8,IGN
1883,IGN
1883.2,IGN
1883.4,IGN
1883.6,IGN
1883.8,IGN
1884,IGN
1884.2,IGN
1884.4,IGN
1884.6,IGN
1884.8,IGN
1885,IGN
1885.2,IGN
1885.4,IGN
1885.6,IGN
1885.8,IGN
1886,IGN
1886.2,IGN
1886.4,IGN
1886.6,IGN
1886.8,IGN
1887,IGN
1887.2,IGN
1887.4,IGN
1887.6,IGN
1887.8,IGN
1888,IGN
1888.2,IGN
1888.4,IGN
1888.6,IGN
1888.8,IGN
1889,IGN
1889.2,IGN
1889.4,IGN
1889.6,IGN
1889.8,IGN
1890,IGN
1890.2,IGN
1890.4,IGN
1890.6,IGN
1890.8,IGN
1891,IGN
1891.2,IGN
1891.4,IGN
1891.6,IGN
1891.8,IGN
1892,SS
1892.2,SS
1892.4,SS
1892.6,SS
1892.8,SS
1893,SS
1893.2,SS
1893.4,SS
1893.6,SS
1893.8,SS
1894,SS
1894.2,SS
1894.4,SS
1894.6,SS
1894.8,SS
1895,SS
1895.2,SS
1895.4,SS
1895.6,SS
1895.8,SS
1896,SS
1896.2,SS
1896.4,SS
1896.6,SS
1896.8,SS
1897,SS
1897.2,SS
1897.4,SS
1897.6,SS
1897.8,SS
1898,SS
1898.2,SS
1898.4,SS
1898.6,SS
1898.8,SS
1899,SS
1899.2,SS
1899.4,SS
1899.6,SS
1899.8,SS
1900,SS
1900.2,SS
1900.4,SS
1900.6,SS
1900.8,SS
1901,SS
1901.2,SS
1901.4,SS
1901.6,SS
1901.8,SS
1902,SS
1902.2,SS
1902.4,SS
1902.6,SS
1902.8,SS
1903,SS
1903.2,SS
1903.4,SS
1903.6,SS
1903.8,SS
1904,SS
1904.2,SS
1904.4,SS
1904.6,SS
1904.8,SS
1905,SS
1905.2,SS
1905.4,SS
1905.6,SS
1905.8,SS
1906,SS
1906.2,SS
1906.4,SS
1906.6,SS
1906.8,SS
1907,SS
1907.2,SS
1907.4,SS
1907.6,SS
1907.8,SS
1908,SS
1908.2,SS
1908.4,SS
1908.6,SS
1908.8,SS
1909,SS
1909.2,SS
1909.4,SS
1909.6,SS
1909.8,SS
1910,SS
1910.2,SS
1910.4,SS
1910.6,SS
1910.8,SS
1911,SS
1911.2,SS
1911.4,SS
1911.6,SS
1911.8,SS
1912,SS
1912.2,SS
1912.4,SS
1912.6,SS
1912.8,SS
1913,SS
1913.2,SS
1913.4,SS
1913.6,SS
1913.8,SS
1914,SS
1914.2,SS
1914.4,SS
1914.6,SS
1914.8,SS
1915,SS
1915.2,SS
1915.4,SS
1915.6,SS
1915.8,SS
1916,SS
1916.2,SS
1916.4,SS
1916.6,SS
1916.8,SS
1917,SS
1917.2,SS
1917.4,SS
1917.6,SS
1917.8,SS
1918,SS
1918.2,SS
1918.4,SS
1918.6,SS
1918.8,SS
1919,SS
1919.2,SS
1919.4,SS
1919.6,SS
1919.8,SS
1920,SS
1920.2,SS
1920.4,SS
1920.6,SS
1920.8,SS
1921,SS
1921.2,SS
1921.4,SS
1921.6,SS
1921.8,SS
1922,SS
1922.2,SS
1922.4,SS
1922.6,SS
1922.8,SS
1923,SS
1923.2,SS
1923.4,SS
1923.6,SS
1923.8,SS
1924,SS
1924.2,SS
1924.4,SS
1924.6,SS
1924.8,SS
1925,SS
1925.2,SS
1925.4,SS
1925.6,SS
1925.8,SS
1926,SS
1926.2,SS
1926.4,SS
1926.6,SS
1926.8,SS
1927,SS
1927.2,SS
1927.4,SS
1927.6,SS
1927.8,SS
1928,SS
1928.2,SS
1928.4,SS
1928.6,SS
1928.8,SS
1929,SS
1929.2,SS
1929.4,SS
1929.6,SS
1929.8,SS
1930,SS
1930.2,SS
1930.4,SS
1930.6,SS
1930.8,SS
1931,SS
1931.2,SS
1931.4,SS
1931.6,SS
1931.8,SS
1932,SS
1932.2,SS
1932.4,SS
1932.6,SS
1932.8,SS
1933,SS
1933.2,SS
1933.4,SS
1933.6,SS
1933.8,SS
1934,SS
1934.2,SS
1934.4,SS
1934.6,SS
1934.8,SS
1935,SS
1935.2,SS
1935.4,SS
1935.6,SS
1935.8,SS
1936,SS
1936.2,SS
1936.4,SS
1936.6,SS
1936.8,SS
1937,SS
1937.2,SS
1937.4,SS
1937.6,SS
1937.8,SS
1938,SS
1938.2,SS
1938.4,SS
1938.6,SS
1938.8,SS
1939,SS
1939.2,SS
1939.4,SS
1939.6,SS
1939.8,SS
1940,SS
1940.2,SS
1940.4,SS
1940.6,SS
1940.8,SS
1941,SS
1941.2,SS
1941.4,SS
1941.6,SS
1941.8,SS
1942,SS
1942.2,SS
1942.4,SS
1942.6,SS
1942.8,SS
1943,SS
1943.2,SS
1943.4,SS
1943.6,SS
1943.8,SS
1944,SS
1944.2,SS
1944.4,SS
1944.6,SS
1944.8,SS
1945,SS
1945.2,SS
1945.4,SS
1945.6,SS
1945.8,SS
1946,SS
1946.2,SS
1946.4,SS
1946.6,SS
1946.8,SS
1947,SS
1947.2,SS
1947.4,SS
1947.6,SS
1947.8,SS
1948,SS
1948.2,SS
1948.4,SS
1948.6,SS
1948.8,SS
1949,SS
1949.2,SS
1949.4,SS
1949.6,SS
1949.8,SS
1950,SS
1950.2,SS
1950.4,SS
1950.6,SS
1950.8,SS
1951,SS
1951.2,SS
1951.4,SS
1951.6,SS
1951.8,SS
1952,SS
1952.2,SS
1952.4,SS
1952.6,SS
1952.8,SS
1953,SS
1953.2,SS
1953.4,SS
1953.6,SS
1953.8,SS
1954,SS
1954.2,SS
1954.4,SS
1954.6,SS
1954.8,SS
1955,SS
1955.2,SS
1955.4,SS
1955.6,SS
1955.8,SS
1956,SS
1956.2,SS
1956.4,SS
1956.6,SS
1956.8,SS
1957,SS
1957.2,SS
1957.4,SS
1957.6,SS
1957.8,SS
1958,SS
1958.2,SS
1958.4,SS
1958.6,SS
1958.8,SS
1959,SS
1959.2,SS
1959.4,SS
1959.6,SS
1959.8,SS
1960,SS
1960.2,SS
1960.4,SS
1960.6,SS
1960.8,SS
1961,SS
1961.2,SS
1961.4,SS
1961.6,SS
1961.8,SS
1962,SS
1962.2,SS
1962.4,SS
1962.6,SS
1962.8,SS
1963,SS
1963.2,SS
1963.4,SS
1963.6,SS
1963.8,SS
1964,SS
1964.2,SS
1964.4,SS
1964.6,SS
1964.8,SS
1965,SS
1965.2,SS
1965.4,SS
1965.6,SS
1965.8,SS
1966,SS
1966.2,SS
1966.4,SS
1966.6,SS
1966.8,SS
1967,SS
1967.2,SS
1967.4,SS
1967.6,SS
1967.8,SS
1968,SS
1968.2,SS
1968.4,SS
1968.6,SS
1968.8,SS
1969,SS
1969.2,SS
1969.4,SS
1969.6,SS
1969.8,SS
1970,SS
1970.2,SS
1970.4,SS
1970.6,SS
1970.8,SS
1971,SS
1971.2,SS
1971.4,SS
1971.6,SS
1971.8,SS
1972,SS
1972.2,SS
1972.4,SS
1972.6,SS
1972.8,SS
1973,SS
1973.2,SS
1973.4,SS
1973.6,SS
1973.8,SS
1974,SS
1974.2,SS
1974.4,SS
1974.6,SS
1974.8,SS
1975,SS
1975.2,SS
1975.4,SS
1975.6,SS
1975.8,SS
1976,SS
1976.2,SS
1976.4,SS
1976.6,SS
1976.8,SS
1977,SS
1977.2,SS
1977.4,SS
1977.6,SS
1977.8,SS
1978,SS
1978.2,SS
1978.4,SS
1978.6,SS
1978.8,SS
1979,SS
1979.2,SS
1979.4,SS
1979.6,SS
1979.8,SS
1980,SS
1980.2,SS
1980.4,SS
1980.6,SS
1980.8,SS
1981,SS
1981.2,SS
1981.4,SS
1981.6,SS
1981.8,SS
1982,SS
1982.2,SS
1982.4,SS
1982.6,SS
1982.8,SS
1983,SH
